,Zip Code,Date,Population,State Bottle Cost,State Bottle Retail,Volume Sold (Liters)
0,50003,2013-08-27,7118.0,27.0,40.5,0.75
1,50009,2012-02-02,19559.0,21.21,31.81,0.8
2,50009,2012-07-12,19559.0,10.14,15.58,2.25
3,50009,2013-03-07,19559.0,9.97,14.96,9.0
4,50009,2013-12-30,19559.0,6.83,10.24,0.5
5,50009,2014-03-18,19559.0,6.77,10.15,1.5
6,50009,2014-04-30,19559.0,13.12,19.68,0.75
7,50009,2014-05-21,19559.0,13.51,21.01,10.5
8,50009,2014-05-28,19559.0,3.67,5.51,9.0
9,50009,2014-06-04,19559.0,8.99,13.49,0.75
10,50009,2014-10-01,19559.0,7.13,10.7,0.75
11,50010,2012-01-19,33965.0,6.3,9.45,9.0
12,50010,2012-01-26,33965.0,17.97,26.96,9.0
13,50010,2012-09-13,33965.0,2.85,4.28,1.2
14,50010,2012-12-13,33965.0,31.5,47.24,1.5
15,50010,2013-03-25,33965.0,9.23,13.85,105.0
16,50010,2013-05-20,33965.0,6.5,9.74,0.75
17,50010,2013-06-13,33965.0,7.13,10.7,10.5
18,50010,2014-01-15,33965.0,3.75,5.63,9.0
19,50010,2014-03-12,33965.0,12.99,19.49,10.5
20,50010,2014-04-23,33965.0,9.43,14.14,12.0
21,50010,2014-07-16,33965.0,10.0,14.99,9.0
22,50010,2014-12-03,33965.0,3.0,4.5,1.5
23,50010,2015-03-18,33965.0,7.6,11.4,10.5
24,50010,2015-05-27,33965.0,10.99,16.49,1.5
25,50010,2015-06-03,33965.0,3.5,5.25,1.12
26,50010,2015-07-14,33965.0,18.0,27.0,10.5
27,50010,2015-09-16,33965.0,19.0,28.5,9.0
28,50010,2015-09-28,33965.0,13.5,20.25,9.0
29,50010,2015-11-23,33965.0,7.08,10.62,10.5
30,50014,2012-02-20,30231.0,8.4,12.59,1.5
31,50014,2014-02-19,30231.0,10.24,15.35,3.0
32,50021,2012-02-22,27406.0,6.3,9.45,3.0
33,50021,2012-08-09,27406.0,13.54,20.31,0.75
34,50021,2014-01-22,27406.0,3.34,5.01,9.0
35,50021,2014-03-19,27406.0,5.94,9.91,9.0
36,50021,2014-08-20,27406.0,18.5,27.75,12.0
37,50021,2015-03-31,27406.0,6.5,9.75,9.0
38,50021,2015-07-22,27406.0,3.42,5.13,9.0
39,50021,2015-08-11,27406.0,1.56,2.34,9.6
40,50021,2015-09-08,27406.0,5.0,7.5,1.5
41,50022,2012-01-31,8282.0,2.84,4.25,0.75
42,50022,2012-05-08,8282.0,11.82,17.74,4.0
43,50022,2012-12-18,8282.0,7.13,10.7,10.5
44,50022,2013-09-23,8282.0,15.63,23.44,1.2
45,50022,2015-02-02,8282.0,13.25,19.88,18.0
46,50022,2015-06-26,8282.0,10.0,15.0,3.0
47,50023,2012-06-26,36456.0,3.7,5.55,9.0
48,50023,2013-10-21,36456.0,25.25,38.99,3.0
49,50023,2014-06-26,36456.0,4.0,6.0,9.0
50,50023,2014-08-07,36456.0,28.69,43.04,3.5
51,50023,2015-01-20,36456.0,7.8,11.7,1.5
52,50023,2015-03-31,36456.0,9.24,13.86,10.5
53,50025,2012-08-14,3107.0,6.87,10.81,0.75
54,50035,2014-12-29,7660.0,11.0,16.5,0.75
55,50036,2014-09-03,16455.0,9.42,14.13,9.0
56,50036,2014-09-17,16455.0,10.45,15.68,21.0
57,50036,2015-01-14,16455.0,7.17,10.76,21.0
58,50049,2012-05-21,6292.0,11.01,16.52,3.5
59,50049,2013-11-21,6292.0,6.5,9.74,2.25
60,50049,2015-03-11,6292.0,7.0,10.5,9.0
61,50054,2013-11-05,2909.0,3.5,5.25,1.5
62,50056,2015-11-16,1435.0,4.67,7.01,3.0
63,50058,2012-04-24,1909.0,16.43,24.64,12.0
64,50109,2013-02-28,3058.0,10.49,15.73,4.5
65,50111,2012-02-16,13764.0,21.67,32.5,0.75
66,50111,2012-12-17,13764.0,10.98,16.48,10.5
67,50111,2013-02-25,13764.0,15.42,23.13,10.5
68,50111,2014-02-18,13764.0,3.05,4.57,1.5
69,50111,2014-09-23,13764.0,25.66,38.49,11.0
70,50111,2015-04-14,13764.0,4.8,7.2,0.75
71,50111,2015-05-12,13764.0,20.05,30.08,1.75
72,50111,2015-06-09,13764.0,11.99,17.99,10.5
73,50111,2015-08-18,13764.0,32.49,48.74,1.5
74,50112,2012-06-21,11779.0,10.56,15.84,6.0
75,50112,2012-07-19,11779.0,7.61,11.42,0.38
76,50112,2012-11-20,11779.0,18.08,27.13,22.5
77,50112,2013-09-04,11779.0,4.7,7.05,1.6
78,50112,2015-09-17,11779.0,11.18,16.77,10.5
79,50115,2015-05-21,2723.0,12.99,19.49,10.5
80,50125,2012-01-26,20354.0,3.25,4.88,9.0
81,50125,2012-11-13,20354.0,15.53,23.3,2.0
82,50125,2013-06-15,20354.0,4.65,6.98,2.0
83,50125,2014-03-13,20354.0,7.0,10.49,0.75
84,50125,2014-07-10,20354.0,10.5,15.75,1.75
85,50125,2014-09-29,20354.0,18.5,27.75,2.0
86,50125,2015-02-09,20354.0,8.5,12.75,45.0
87,50126,2012-11-16,6754.0,13.31,19.97,5.25
88,50126,2014-10-13,6754.0,5.48,8.22,9.0
89,50126,2015-01-05,6754.0,10.45,15.68,63.0
90,50129,2012-07-12,4906.0,4.53,6.8,2.25
91,50129,2012-08-20,4906.0,3.36,5.03,0.75
92,50129,2014-08-28,4906.0,9.65,14.48,4.5
93,50129,2015-05-28,4906.0,3.37,5.06,9.0
94,50130,2013-03-26,1592.0,6.5,9.74,3.0
95,50131,2014-11-17,20920.0,9.06,13.59,0.5
96,50131,2015-01-08,20920.0,11.96,17.94,10.5
97,50131,2015-02-26,20920.0,3.0,4.5,1.12
98,50131,2015-08-27,20920.0,6.9,10.35,9.0
99,50138,2012-12-12,11741.0,10.0,14.99,0.75
100,50138,2014-05-28,11741.0,25.659999999999997,38.5,11.5
101,50142,2015-07-07,933.0,26.24,39.36,0.75
102,50156,2015-08-20,4865.0,9.14,13.71,10.5
103,50158,2012-05-24,30902.0,7.46,11.19,10.5
104,50158,2012-07-12,30902.0,6.55,9.83,9.0
105,50158,2012-08-30,30902.0,8.4,12.59,9.0
106,50158,2012-10-12,30902.0,7.96,11.94,9.0
107,50158,2012-12-27,30902.0,18.44,27.66,2.25
108,50158,2013-02-14,30902.0,17.0,25.74,10.5
109,50158,2013-05-02,30902.0,14.5,21.75,4.5
110,50158,2014-01-28,30902.0,3.4,5.1,9.0
111,50158,2014-07-08,30902.0,7.62,11.43,12.0
112,50158,2014-12-16,30902.0,15.75,23.63,21.0
113,50158,2015-04-28,30902.0,11.78,17.67,12.0
114,50158,2015-06-09,30902.0,16.0,24.4,9.0
115,50171,2013-09-10,2581.0,5.47,8.21,9.0
116,50171,2015-11-02,2581.0,11.0,16.5,2.25
117,50201,2013-07-01,8303.0,10.0,15.0,3.75
118,50208,2012-07-12,20693.0,27.17,40.75,21.0
119,50208,2012-11-29,20693.0,13.54,20.31,3.0
120,50208,2013-02-21,20693.0,6.75,10.13,0.75
121,50208,2014-02-10,20693.0,22.07,33.11,2.25
122,50208,2014-08-27,20693.0,8.5,12.75,0.75
123,50208,2015-05-18,20693.0,7.17,10.76,10.5
124,50208,2015-09-10,20693.0,8.25,12.38,0.75
125,50211,2014-04-24,12816.0,5.38,8.06,9.0
126,50211,2015-07-16,12816.0,18.09,27.14,4.5
127,50213,2012-03-19,6850.0,7.53,11.3,9.0
128,50213,2013-11-14,6850.0,18.09,27.14,4.5
129,50213,2015-03-19,6850.0,15.25,22.88,1.0
130,50219,2013-07-24,13568.0,29.53,44.3,1.2
131,50219,2014-12-17,13568.0,6.0,9.25,10.5
132,50219,2015-04-01,13568.0,6.81,10.22,4.0
133,50219,2015-07-29,13568.0,10.49,15.74,9.0
134,50219,2015-11-18,13568.0,10.49,15.74,21.0
135,50220,2014-01-23,8962.0,7.58,11.37,10.5
136,50225,2012-09-26,2797.0,6.97,10.95,0.75
137,50225,2013-03-20,2797.0,10.42,15.63,1.5
138,50244,2015-10-14,1887.0,5.23,7.85,9.0
139,50248,2012-02-27,4321.0,11.55,17.32,10.5
140,50248,2012-05-07,4321.0,8.42,13.41,9.0
141,50248,2015-08-11,4321.0,2.05,3.08,1.5
142,50250,2012-09-04,2340.0,4.3,6.45,1.5
143,50250,2012-12-04,2340.0,10.9,16.35,5.25
144,50250,2013-01-08,2340.0,11.0,16.49,2.25
145,50263,2012-01-12,23858.0,6.83,10.24,0.5
146,50263,2012-06-07,23858.0,3.25,4.88,9.0
147,50263,2013-10-08,23858.0,14.75,22.12,10.5
148,50265,2012-03-21,32135.0,7.01,10.52,0.75
149,50265,2012-04-18,32135.0,6.53,9.79,1.12
150,50265,2012-06-27,32135.0,2.05,3.07,0.8
151,50265,2012-08-02,32135.0,5.23,7.84,9.0
152,50265,2012-11-15,32135.0,6.9,10.35,2.25
153,50265,2013-01-30,32135.0,7.87,11.81,4.5
154,50265,2013-03-21,32135.0,14.28,21.43,10.5
155,50265,2013-07-15,32135.0,20.25,30.37,3.5
156,50265,2013-12-20,32135.0,11.17,16.76,3.0
157,50265,2014-06-23,32135.0,8.87,13.31,0.5
158,50265,2014-07-07,32135.0,8.2,12.3,10.5
159,50265,2014-07-28,32135.0,8.25,12.37,9.0
160,50265,2014-08-18,32135.0,4.8,7.2,0.75
161,50265,2014-10-06,32135.0,14.0,21.0,9.0
162,50265,2014-12-08,32135.0,15.0,22.5,27.0
163,50265,2015-01-12,32135.0,4.5,6.75,2.25
164,50265,2015-11-09,32135.0,3.71,5.57,9.0
165,50265,2015-11-16,32135.0,19.21,28.82,15.0
166,50266,2012-03-14,28917.0,10.99,17.24,1.5
167,50266,2012-12-28,28917.0,7.33,11.49,9.0
168,50266,2013-05-14,28917.0,3.75,5.62,0.6
169,50266,2013-05-30,28917.0,12.07,18.1,1.5
170,50266,2013-10-15,28917.0,7.95,11.93,9.0
171,50266,2013-10-21,28917.0,9.45,14.67,10.5
172,50266,2014-08-26,28917.0,9.44,14.16,105.0
173,50266,2014-12-02,28917.0,16.17,24.26,4.5
174,50266,2015-04-07,28917.0,7.17,10.76,21.0
175,50266,2015-09-01,28917.0,12.5,18.75,4.5
176,50273,2014-02-25,8339.0,29.72,44.58,3.0
177,50273,2015-05-19,8339.0,16.79,25.19,2.25
178,50309,2012-08-02,7008.0,1.12,1.68,19.2
179,50309,2015-07-09,7008.0,12.05,18.08,9.0
180,50310,2013-03-04,31877.0,9.43,14.14,12.0
181,50310,2013-08-01,31877.0,3.05,4.57,18.0
182,50310,2013-09-12,31877.0,7.86,11.79,3.0
183,50310,2013-11-23,31877.0,13.54,20.31,1.5
184,50310,2013-12-05,31877.0,8.92,13.38,10.5
185,50310,2014-09-04,31877.0,9.7,14.95,9.0
186,50310,2015-06-15,31877.0,6.0,9.25,10.5
187,50311,2012-10-31,15740.0,7.65,11.84,9.0
188,50311,2013-02-27,15740.0,8.66,12.99,45.0
189,50311,2013-09-24,15740.0,8.92,13.38,10.5
190,50311,2013-12-19,15740.0,19.17,28.76,4.5
191,50311,2014-02-11,15740.0,14.98,22.47,12.0
192,50311,2014-05-06,15740.0,6.92,10.38,10.5
193,50311,2014-07-02,15740.0,9.0,13.5,9.0
194,50311,2015-02-12,15740.0,7.84,11.76,10.5
195,50311,2015-04-21,15740.0,9.85,14.78,3.75
196,50312,2014-09-25,16173.0,8.75,13.13,18.0
197,50313,2014-02-11,19073.0,9.85,14.78,1.5
198,50313,2015-09-14,19073.0,7.47,11.21,1.5
199,50314,2012-04-09,11528.0,14.89,22.34,12.0
200,50314,2012-08-31,11528.0,7.5,11.25,36.0
201,50314,2012-11-01,11528.0,8.5,12.74,9.0
202,50314,2012-11-29,11528.0,3.4,5.09,9.0
203,50314,2013-01-03,11528.0,6.29,9.44,9.0
204,50314,2013-01-24,11528.0,4.74,7.11,0.5
205,50314,2013-08-29,11528.0,12.5,18.74,1.5
206,50314,2013-12-02,11528.0,13.12,19.68,4.5
207,50314,2014-01-16,11528.0,11.17,16.76,9.0
208,50314,2014-08-14,11528.0,20.63,30.95,6.0
209,50314,2014-12-04,11528.0,9.75,14.63,9.0
210,50314,2015-01-15,11528.0,10.0,15.0,1.5
211,50314,2015-02-26,11528.0,8.09,12.14,4.5
212,50314,2015-03-09,11528.0,10.0,15.0,4.5
213,50314,2015-11-18,11528.0,8.49,12.74,1.5
214,50314,2015-11-30,11528.0,42.99,64.49,10.5
215,50315,2012-04-19,35825.0,14.67,22.0,10.5
216,50315,2012-05-03,35825.0,5.77,8.66,18.0
217,50315,2012-07-16,35825.0,10.14,15.58,0.75
218,50315,2012-08-09,35825.0,3.25,4.88,9.0
219,50315,2012-08-16,35825.0,3.37,5.06,9.0
220,50315,2012-10-04,35825.0,11.5,17.25,0.5
221,50315,2014-01-16,35825.0,3.4,5.1,1.12
222,50315,2014-03-06,35825.0,20.94,31.41,4.5
223,50315,2014-03-13,35825.0,10.42,15.63,2.25
224,50315,2014-03-20,35825.0,6.5,9.74,9.0
225,50315,2014-06-02,35825.0,2.21,3.31,12.0
226,50315,2014-06-11,35825.0,8.75,13.12,9.0
227,50315,2014-08-12,35825.0,7.43,11.15,10.5
228,50315,2014-12-30,35825.0,8.25,12.38,0.75
229,50315,2015-11-16,35825.0,5.23,7.85,9.0
230,50316,2012-10-09,16774.0,7.31,10.97,5.25
231,50316,2012-12-27,16774.0,3.37,5.05,9.0
232,50316,2013-04-11,16774.0,2.21,3.32,12.0
233,50316,2013-07-25,16774.0,1.96,2.94,4.8
234,50316,2013-12-18,16774.0,3.39,5.09,9.0
235,50316,2013-12-31,16774.0,6.3,9.45,1.5
236,50316,2014-01-29,16774.0,1.1,1.65,4.8
237,50316,2014-04-30,16774.0,1.0,1.5,4.8
238,50316,2014-11-19,16774.0,10.49,15.74,4.5
239,50316,2015-04-22,16774.0,4.8,7.2,6.0
240,50317,2012-03-06,37976.0,6.9,10.35,9.0
241,50317,2012-05-24,37976.0,8.5,12.74,9.0
242,50317,2012-10-09,37976.0,8.84,13.51,2.25
243,50317,2012-11-07,37976.0,8.33,12.49,0.75
244,50317,2013-01-15,37976.0,7.21,11.19,9.0
245,50317,2013-03-21,37976.0,5.47,8.21,9.0
246,50317,2013-06-06,37976.0,3.99,5.99,6.0
247,50317,2013-11-13,37976.0,1.71,2.56,0.75
248,50317,2014-03-31,37976.0,5.37,8.05,2.25
249,50317,2014-11-10,37976.0,5.0,7.5,3.0
250,50317,2014-12-01,37976.0,6.25,9.5,9.0
251,50317,2015-01-26,37976.0,4.9,7.35,6.0
252,50317,2015-02-11,37976.0,3.0,4.5,0.8
253,50317,2015-06-26,37976.0,8.75,13.13,9.0
254,50317,2015-08-24,37976.0,11.0,16.5,10.5
255,50320,2012-03-29,22209.0,11.33,17.99,4.5
256,50320,2012-08-02,22209.0,4.65,6.97,9.0
257,50320,2012-09-20,22209.0,1.77,2.66,4.8
258,50320,2012-11-08,22209.0,11.26,16.9,10.5
259,50320,2013-06-18,22209.0,9.25,13.87,12.0
260,50320,2013-10-28,22209.0,23.58,35.36,9.0
261,50320,2014-05-01,22209.0,6.9,10.35,18.0
262,50320,2014-09-24,22209.0,12.54,18.81,9.0
263,50320,2014-10-30,22209.0,9.25,13.88,9.0
264,50320,2014-11-03,22209.0,15.5,23.25,12.0
265,50320,2015-02-05,22209.0,6.75,10.13,9.0
266,50320,2015-03-23,22209.0,6.3,9.45,9.0
267,50320,2015-08-13,22209.0,12.48,18.72,2.25
268,50320,2015-10-01,22209.0,7.11,10.67,12.0
269,50320,2015-10-29,22209.0,21.02,31.53,4.5
270,50320,2015-11-05,22209.0,18.99,28.49,9.0
271,50320,2015-11-12,22209.0,11.75,17.63,3.0
272,50321,2012-11-28,9134.0,7.21,11.19,1.5
273,50321,2014-08-21,9134.0,6.5,9.75,10.5
274,50321,2015-05-21,9134.0,6.0,9.0,3.0
275,50321,2015-08-27,9134.0,18.99,28.49,9.0
276,50322,2012-03-29,31177.0,1.76,2.63,4.5
277,50322,2012-11-08,31177.0,4.96,7.44,6.0
278,50322,2013-03-26,31177.0,20.99,31.49,4.5
279,50322,2013-06-17,31177.0,11.0,16.49,3.0
280,50322,2013-10-29,31177.0,7.75,11.87,9.0
281,50322,2014-01-30,31177.0,8.98,13.47,9.0
282,50322,2014-02-18,31177.0,6.05,9.08,0.75
283,50322,2014-04-17,31177.0,6.67,10.0,12.0
284,50322,2014-10-08,31177.0,18.0,27.0,10.5
285,50322,2015-01-13,31177.0,29.72,44.58,3.0
286,50322,2015-09-10,31177.0,13.42,20.130000000000003,33.0
287,50322,2015-10-08,31177.0,7.86,11.79,9.0
288,50325,2013-01-24,17007.0,3.5,5.24,2.25
289,50325,2013-03-27,17007.0,11.0,16.49,1.5
290,50325,2013-07-04,17007.0,6.83,10.24,0.5
291,50325,2013-07-10,17007.0,9.33,13.99,3.0
292,50325,2014-02-18,17007.0,1.8,2.69,9.0
293,50401,2012-07-09,29033.0,6.3,9.45,9.0
294,50401,2013-02-18,29033.0,8.2,12.3,10.5
295,50401,2013-04-22,29033.0,10.42,15.63,4.5
296,50401,2013-06-10,29033.0,4.7,7.06,0.5
297,50401,2013-06-24,29033.0,5.28,7.91,3.0
298,50401,2013-09-09,29033.0,10.48,15.98,10.5
299,50401,2014-06-16,29033.0,4.84,7.26,9.0
300,50401,2014-06-23,29033.0,5.5,8.25,12.0
301,50401,2014-08-28,29033.0,14.0,21.0,10.5
302,50401,2014-12-04,29033.0,26.75,40.13,3.5
303,50401,2014-12-23,29033.0,17.5,26.25,1.5
304,50401,2015-03-12,29033.0,7.75,11.63,2.25
305,50401,2015-07-23,29033.0,4.99,7.49,1.5
306,50401,2015-08-13,29033.0,9.65,14.48,9.0
307,50424,2015-09-02,1454.0,11.75,17.63,4.0
308,50428,2012-04-02,9339.0,12.34,18.52,2.0
309,50428,2012-04-30,9339.0,11.02,16.53,10.5
310,50428,2012-05-25,9339.0,24.73,37.1,0.75
311,50428,2013-05-20,9339.0,17.61,26.41,12.0
312,50428,2013-12-02,9339.0,3.37,5.06,9.0
313,50428,2014-05-05,9339.0,7.0,10.49,4.5
314,50428,2014-12-11,9339.0,28.69,43.04,3.5
315,50428,2015-11-12,9339.0,5.65,8.48,0.4
316,50436,2012-04-23,5845.0,3.97,5.95,12.0
317,50436,2013-08-21,5845.0,19.42,29.14,10.5
318,50436,2013-12-18,5845.0,2.05,3.07,9.0
319,50436,2014-02-12,5845.0,20.58,30.87,1.5
320,50436,2015-03-11,5845.0,14.53,21.8,9.0
321,50436,2015-03-18,5845.0,10.0,15.0,1.5
322,50438,2014-07-09,4109.0,14.75,22.13,9.0
323,50438,2015-06-17,4109.0,11.33,17.0,10.5
324,50441,2012-06-05,5371.0,6.34,9.52,2.25
325,50441,2013-03-26,5371.0,11.26,16.9,10.5
326,50441,2013-05-21,5371.0,7.5,11.25,2.0
327,50441,2013-08-12,5371.0,4.13,6.2,24.0
328,50441,2013-09-30,5371.0,28.5,42.75,4.5
329,50441,2015-08-24,5371.0,5.42,8.13,2.0
330,50441,2015-09-21,5371.0,7.84,11.76,21.0
331,50450,2012-04-16,2705.0,7.5,11.24,12.0
332,50459,2012-06-28,3014.0,8.61,12.91,10.5
333,50459,2015-09-24,3014.0,10.49,15.74,3.0
334,50461,2012-04-09,5583.0,11.33,16.99,1.75
335,50461,2012-04-30,5583.0,16.49,24.98,3.5
336,50461,2014-04-15,5583.0,8.75,13.13,0.75
337,50461,2015-02-10,5583.0,3.38,5.07,3.0
338,50472,2013-12-10,2335.0,12.75,19.13,2.25
339,50483,2014-07-16,652.0,7.17,10.76,42.0
340,50483,2015-08-12,652.0,13.64,20.46,1.5
341,50501,2012-10-24,28063.0,12.5,18.74,3.0
342,50501,2012-12-12,28063.0,13.54,20.31,2.25
343,50501,2013-02-20,28063.0,14.5,21.74,0.75
344,50501,2013-06-26,28063.0,11.96,17.93,10.5
345,50501,2013-09-17,28063.0,14.72,22.08,9.75
346,50501,2013-12-21,28063.0,8.75,13.13,9.0
347,50501,2014-05-27,28063.0,1.96,2.94,9.6
348,50501,2015-02-17,28063.0,7.46,11.19,10.5
349,50501,2015-04-21,28063.0,15.75,23.63,12.0
350,50501,2015-06-29,28063.0,8.25,12.38,9.0
351,50501,2015-09-22,28063.0,3.73,5.6,2.5
352,50511,2012-08-01,6975.0,7.5,11.25,12.0
353,50511,2014-04-30,6975.0,4.12,6.42,9.0
354,50511,2014-05-21,6975.0,4.62,6.92,4.8
355,50511,2014-10-29,6975.0,9.0,13.5,9.0
356,50511,2015-11-04,6975.0,7.47,11.21,0.5
357,50517,2013-05-07,1094.0,20.5,30.75,0.75
358,50525,2012-05-02,3487.0,9.7,14.92,10.5
359,50533,2013-12-17,3872.0,6.75,10.13,9.0
360,50536,2012-08-01,4483.0,8.17,12.26,1.5
361,50536,2012-10-10,4483.0,5.47,8.21,2.25
362,50536,2013-02-13,4483.0,6.3,9.44,2.25
363,50543,2012-03-21,1363.0,5.33,7.99,3.0
364,50548,2013-10-29,5663.0,3.07,4.6,2.25
365,50554,2015-02-10,1536.0,4.17,6.26,12.0
366,50569,2012-10-03,609.0,6.5,9.74,4.5
367,50574,2015-01-13,2049.0,29.72,44.58,3.0
368,50583,2012-12-26,2719.0,4.99,7.49,2.25
369,50583,2015-01-07,2719.0,3.4,5.1,2.25
370,50583,2015-01-21,2719.0,10.45,15.68,73.5
371,50588,2012-11-14,12513.0,9.13,13.7,10.5
372,50588,2013-01-23,12513.0,5.91,8.87,2.25
373,50588,2013-07-24,12513.0,13.31,19.97,3.5
374,50588,2013-11-25,12513.0,6.63,9.95,0.5
375,50588,2014-12-22,12513.0,10.99,16.49,0.75
376,50588,2015-04-01,12513.0,6.63,9.95,12.0
377,50588,2015-09-23,12513.0,35.0,52.510000000000005,3.25
378,50588,2015-11-18,12513.0,25.25,37.88,1.0
379,50590,2013-10-23,853.0,13.0,19.5,9.0
380,50595,2012-04-04,9041.0,6.06,9.09,2.25
381,50595,2012-08-06,9041.0,16.0,23.99,10.5
382,50595,2012-10-15,9041.0,3.73,5.59,0.5
383,50595,2012-12-26,9041.0,4.0,6.0,2.25
384,50595,2013-07-30,9041.0,7.41,11.12,1.12
385,50595,2014-02-25,9041.0,10.0,14.99,3.0
386,50595,2014-06-03,9041.0,17.75,26.62,10.5
387,50613,2012-02-20,44154.0,8.39,12.59,2.0
388,50613,2012-05-25,44154.0,7.92,11.88,0.6
389,50613,2013-10-10,44154.0,12.07,18.11,10.5
390,50613,2014-04-10,44154.0,130.0,195.0,1.5
391,50613,2014-11-12,44154.0,3.38,5.07,2.25
392,50613,2015-04-02,44154.0,8.2,12.3,10.5
393,50613,2015-05-13,44154.0,4.62,6.93,9.0
394,50613,2015-05-28,44154.0,7.67,11.51,10.5
395,50613,2015-06-03,44154.0,6.83,10.25,2.25
396,50613,2015-09-03,44154.0,3.37,5.06,9.0
397,50613,2015-10-01,44154.0,13.32,19.98,31.5
398,50616,2012-12-10,10504.0,7.35,11.02,12.0
399,50616,2013-01-07,10504.0,8.66,12.99,9.0
400,50616,2013-09-10,10504.0,3.96,5.94,36.0
401,50616,2015-05-26,10504.0,7.35,11.03,0.3
402,50619,2012-11-06,2421.0,6.63,9.94,12.0
403,50621,2013-08-12,1491.0,11.49,17.24,2.25
404,50622,2013-06-11,3230.0,13.28,19.92,10.5
405,50627,2013-05-14,3175.0,8.66,12.99,9.0
406,50629,2014-04-16,2220.0,3.37,5.06,9.0
407,50638,2013-12-16,3297.0,7.62,11.43,3.0
408,50638,2014-06-16,3297.0,11.5,17.25,1.0
409,50644,2012-09-12,8849.0,12.5,18.75,1.5
410,50644,2015-03-02,8849.0,6.3,9.45,0.75
411,50647,2014-04-30,2037.0,6.35,9.52,1.5
412,50658,2015-04-21,2301.0,6.75,10.13,9.0
413,50662,2012-07-31,6763.0,4.05,6.08,12.0
414,50662,2012-12-24,6763.0,9.23,13.85,31.5
415,50662,2013-04-09,6763.0,7.6,11.4,10.5
416,50662,2014-03-19,6763.0,6.54,9.81,2.25
417,50674,2013-07-24,3716.0,7.35,11.02,3.5
418,50675,2014-03-04,2315.0,17.41,26.12,2.0
419,50676,2013-07-10,2119.0,4.17,6.25,12.0
420,50676,2014-08-27,2119.0,10.5,15.75,12.0
421,50677,2013-06-04,12327.0,8.93,13.64,12.0
422,50677,2014-09-30,12327.0,7.17,10.76,136.5
423,50677,2014-12-02,12327.0,4.51,6.77,12.0
424,50701,2012-04-16,31102.0,7.4,11.1,4.0
425,50701,2012-12-17,31102.0,14.17,21.25,4.5
426,50701,2014-04-14,31102.0,17.5,26.25,3.0
427,50701,2014-05-01,31102.0,4.96,7.44,3.0
428,50701,2014-10-21,31102.0,5.48,8.22,9.0
429,50701,2014-12-08,31102.0,6.75,10.13,9.0
430,50701,2015-01-26,31102.0,57.25,85.88,3.75
431,50701,2015-06-26,31102.0,11.4,17.1,2.25
432,50702,2012-01-09,19300.0,16.87,25.32,11.620000000000001
433,50702,2012-08-27,19300.0,7.3,10.95,10.5
434,50702,2012-11-26,19300.0,11.26,16.9,7.0
435,50702,2013-11-18,19300.0,7.47,11.2,3.0
436,50702,2014-03-10,19300.0,8.49,12.74,1.5
437,50702,2014-05-01,19300.0,9.0,13.5,2.25
438,50702,2014-10-14,19300.0,14.25,21.38,1.5
439,50702,2014-12-08,19300.0,31.99,47.99,105.0
440,50703,2012-03-12,18978.0,1.98,2.96,9.0
441,50703,2012-10-01,18978.0,1.79,2.68,4.8
442,50703,2012-11-05,18978.0,6.6,9.9,0.6
443,50703,2013-02-18,18978.0,4.28,6.42,3.0
444,50703,2013-03-05,18978.0,1.77,2.66,4.8
445,50703,2013-10-10,18978.0,22.0,33.0,9.0
446,50703,2013-11-14,18978.0,1.0,1.5,4.8
447,50703,2014-05-22,18978.0,7.0,10.5,2.25
448,50703,2014-10-02,18978.0,9.99,14.99,4.5
449,50703,2014-11-13,18978.0,7.62,11.43,12.0
450,50703,2015-04-02,18978.0,21.49,32.24,9.0
451,50703,2015-04-23,18978.0,20.99,31.49,10.5
452,50703,2015-05-07,18978.0,3.5,5.25,9.0
453,50707,2012-03-07,8741.0,10.45,15.67,10.5
454,50707,2013-02-12,8741.0,10.5,15.75,2.25
455,50707,2013-07-29,8741.0,7.92,11.88,0.6
456,50707,2015-08-31,8741.0,8.33,12.5,10.5
457,50801,2013-01-07,9417.0,11.0,16.49,9.0
458,50801,2013-04-22,9417.0,19.94,29.92,1.5
459,50801,2014-06-17,9417.0,6.2,9.3,2.25
460,50801,2015-05-19,9417.0,25.0,37.5,1.5
461,50801,2015-08-11,9417.0,3.46,5.19,3.0
462,50830,2012-05-16,1799.0,10.5,15.75,4.5
463,50833,2015-08-18,2337.0,11.8,17.7,10.5
464,50851,2013-12-28,2097.0,15.0,22.49,1.5
465,50854,2014-08-26,2587.0,6.9,10.35,2.25
466,51003,2012-12-17,1737.0,7.5,11.24,12.0
467,51004,2013-03-18,989.0,7.62,11.43,12.0
468,51004,2013-05-06,989.0,8.92,13.38,21.0
469,51004,2015-01-07,989.0,4.06,6.09,12.0
470,51012,2013-04-10,6386.0,3.54,5.31,4.5
471,51023,2013-08-13,3233.0,7.17,10.76,21.0
472,51023,2015-05-26,3233.0,4.46,6.69,12.0
473,51025,2012-03-28,2018.0,6.21,9.32,12.0
474,51025,2013-08-07,2018.0,7.62,11.43,3.0
475,51025,2014-02-19,2018.0,7.11,10.66,3.0
476,51031,2012-06-18,12152.0,11.0,16.5,10.5
477,51031,2013-02-11,12152.0,6.0,8.99,3.0
478,51031,2013-04-29,12152.0,6.63,9.94,24.0
479,51031,2013-12-28,12152.0,2.01,3.02,0.6
480,51031,2014-09-16,12152.0,4.96,7.44,0.5
481,51031,2015-10-20,12152.0,18.52,27.78,10.5
482,51034,2012-03-05,1760.0,16.18,24.27,2.0
483,51040,2014-07-09,3543.0,7.5,11.25,0.38
484,51040,2015-01-07,3543.0,12.05,18.08,0.75
485,51040,2015-08-12,3543.0,8.72,13.08,10.5
486,51041,2016-07-12,7149.0,6.0,9.25,10.5
487,51053,2012-10-03,1015.0,5.31,7.97,1.0
488,51053,2014-04-16,1015.0,9.71,14.56,1.0
489,51054,2015-06-30,5633.0,11.55,17.33,3.5
490,51101,2012-10-29,814.0,7.49,11.23,0.75
491,51101,2014-11-19,814.0,11.75,17.63,24.0
492,51103,2014-10-22,17356.0,5.5,8.25,6.0
493,51103,2015-06-30,17356.0,15.46,23.19,6.0
494,51103,2015-07-15,17356.0,9.99,14.99,2.25
495,51103,2015-09-16,17356.0,6.5,9.75,2.25
496,51104,2012-07-02,22924.0,6.87,10.3,10.5
497,51104,2013-03-25,22924.0,10.63,15.95,2.25
498,51104,2014-04-16,22924.0,12.0,17.99,4.0
499,51105,2012-05-25,9820.0,3.05,4.57,3.75
500,51106,2012-08-15,26707.0,10.0,15.0,22.5
501,51106,2015-02-18,26707.0,5.23,7.85,9.0
502,51106,2015-04-08,26707.0,5.5,8.25,4.5
503,51106,2015-10-14,26707.0,6.75,10.13,9.0
504,51108,2012-07-09,5367.0,10.14,15.58,9.0
505,51108,2012-10-01,5367.0,8.17,12.26,9.0
506,51201,2012-03-14,5972.0,4.47,6.7,1.2
507,51201,2014-01-21,5972.0,10.24,15.35,2.0
508,51201,2014-05-13,5972.0,12.0,17.99,9.0
509,51241,2013-06-05,1830.0,11.75,17.62,12.0
510,51246,2012-05-23,3385.0,17.25,25.87,1.0
511,51246,2012-07-11,3385.0,4.0,6.0,1.5
512,51247,2012-08-08,5044.0,7.5,11.24,1.5
513,51249,2012-03-28,3217.0,6.3,9.45,2.25
514,51249,2012-08-01,3217.0,11.3,16.94,12.0
515,51250,2012-05-07,8565.0,19.88,29.81,10.5
516,51250,2012-07-02,8565.0,10.5,15.74,10.5
517,51250,2013-03-04,8565.0,3.7,5.55,9.0
518,51301,2012-07-24,12401.0,2.89,4.34,0.75
519,51301,2012-11-07,12401.0,20.5,30.74,2.25
520,51301,2013-08-20,12401.0,1.8,2.69,9.0
521,51301,2014-06-24,12401.0,9.25,13.88,1.5
522,51331,2012-07-03,1175.0,24.5,36.74,2.25
523,51331,2012-12-24,1175.0,14.0,20.99,9.0
524,51331,2014-07-15,1175.0,10.49,15.73,9.0
525,51331,2015-11-03,1175.0,14.38,21.57,1.5
526,51334,2012-06-12,7014.0,17.25,25.87,3.0
527,51334,2012-07-17,7014.0,9.09,13.64,10.5
528,51334,2014-02-04,7014.0,28.0,42.0,1.5
529,51351,2012-02-21,4398.0,14.67,22.0,10.5
530,51351,2012-10-09,4398.0,15.83,23.74,0.5
531,51351,2012-10-16,4398.0,3.33,4.99,1.5
532,51351,2013-01-22,4398.0,4.0,6.01,72.0
533,51351,2013-07-30,4398.0,12.47,18.71,12.0
534,51351,2014-09-09,4398.0,4.8,7.2,0.75
535,51360,2012-10-09,8174.0,8.92,13.38,10.5
536,51360,2013-02-26,8174.0,5.49,8.24,1.5
537,51360,2013-06-25,8174.0,15.5,23.25,24.0
538,51360,2013-11-23,8174.0,4.74,7.11,0.5
539,51360,2014-05-13,8174.0,9.5,14.25,24.0
540,51360,2015-03-10,8174.0,28.99,43.49,1.5
541,51360,2015-05-12,8174.0,9.7,14.93,1018.5
542,51360,2015-08-18,8174.0,9.5,14.25,10.5
543,51360,2015-09-08,8174.0,13.25,19.88,9.0
544,51401,2013-01-29,11965.0,7.31,10.97,21.0
545,51401,2013-06-03,11965.0,10.24,15.48,2.25
546,51401,2014-09-25,11965.0,5.23,7.85,27.0
547,51442,2013-02-06,9793.0,31.0,46.49,42.0
548,51442,2014-10-02,9793.0,6.63,9.95,12.0
549,51450,2012-04-25,1455.0,25.69,38.53,10.5
550,51450,2012-08-08,1455.0,10.22,15.33,10.5
551,51450,2013-12-23,1455.0,8.75,13.12,9.0
552,51455,2014-10-16,2347.0,11.99,17.99,0.75
553,51461,2012-08-08,1134.0,4.0,6.0,2.0
554,51501,2012-01-03,35356.0,12.34,18.52,24.0
555,51501,2012-01-10,35356.0,24.47,36.71,1.0
556,51501,2012-03-06,35356.0,14.89,22.34,3.0
557,51501,2012-04-03,35356.0,24.3,36.44,0.75
558,51501,2012-05-22,35356.0,25.13,37.69,11.0
559,51501,2012-08-21,35356.0,10.5,15.75,10.5
560,51501,2012-09-11,35356.0,18.37,27.55,10.5
561,51501,2012-11-13,35356.0,17.97,26.96,9.0
562,51501,2012-12-31,35356.0,11.0,16.49,1.5
563,51501,2013-01-22,35356.0,9.5,14.24,10.5
564,51501,2013-08-26,35356.0,12.99,19.49,1.5
565,51501,2013-12-02,35356.0,8.83,13.74,4.5
566,51501,2014-01-06,35356.0,5.51,8.26,9.0
567,51501,2014-03-24,35356.0,7.5,11.24,2.25
568,51501,2014-04-07,35356.0,7.11,10.67,10.5
569,51501,2014-09-29,35356.0,2.9,4.35,0.75
570,51501,2014-10-20,35356.0,10.49,15.99,10.5
571,51501,2014-10-27,35356.0,11.55,17.33,10.5
572,51501,2014-11-22,35356.0,5.94,8.91,12.0
573,51501,2015-07-27,35356.0,5.92,8.88,0.75
574,51501,2015-08-25,35356.0,4.4,6.6,12.0
575,51501,2015-08-31,35356.0,14.75,22.13,10.5
576,51501,2015-11-17,35356.0,8.39,12.59,1.12
577,51503,2012-01-17,37062.0,8.33,12.49,10.5
578,51503,2012-05-01,37062.0,11.0,16.5,24.0
579,51503,2012-06-26,37062.0,2.21,3.32,12.0
580,51503,2013-08-12,37062.0,10.98,16.47,4.5
581,51503,2013-09-30,37062.0,4.17,6.26,9.0
582,51503,2013-11-11,37062.0,31.08,46.62,34.5
583,51503,2014-02-03,37062.0,6.88,10.82,9.0
584,51503,2014-02-24,37062.0,27.0,40.5,9.0
585,51503,2014-07-14,37062.0,18.37,27.55,52.5
586,51503,2014-10-28,37062.0,7.49,11.24,9.0
587,51503,2015-01-06,37062.0,7.18,10.77,21.0
588,51503,2015-06-09,37062.0,11.0,16.5,3.0
589,51503,2015-07-21,37062.0,7.84,11.76,21.0
590,51521,2012-02-07,1895.0,3.07,4.6,0.75
591,51521,2012-03-27,1895.0,4.77,7.15,0.75
592,51521,2012-07-10,1895.0,9.77,14.66,12.0
593,51521,2013-03-12,1895.0,21.77,32.66,2.0
594,51534,2012-12-12,9228.0,11.01,16.52,52.5
595,51546,2015-11-20,2787.0,18.09,27.14,4.5
596,51555,2013-09-03,4885.0,3.75,5.62,5.0
597,51555,2015-04-13,4885.0,7.28,10.92,3.0
598,51555,2015-07-27,4885.0,20.99,31.49,3.5
599,51566,2013-10-22,6514.0,4.63,7.19,2.25
600,51566,2014-01-28,6514.0,2.9,4.35,1.5
601,51601,2012-09-11,5664.0,3.5,5.26,0.8
602,51601,2013-11-12,5664.0,8.33,12.49,0.75
603,51601,2015-02-17,5664.0,7.69,11.54,1.5
604,51632,2014-10-07,7012.0,8.92,13.38,10.5
605,51632,2015-03-03,7012.0,7.11,10.67,10.5
606,51632,2015-04-14,7012.0,11.5,17.25,0.75
607,51632,2015-11-10,7012.0,9.0,13.5,9.0
608,52001,2012-04-03,43502.0,20.47,30.7,2.25
609,52001,2012-08-21,43502.0,1.76,2.64,1.2
610,52001,2012-12-11,43502.0,7.87,11.81,1.5
611,52001,2013-01-29,43502.0,4.08,6.13,3.0
612,52001,2013-02-19,43502.0,8.95,13.43,12.0
613,52001,2013-05-14,43502.0,10.5,15.75,10.5
614,52001,2013-05-21,43502.0,10.5,15.75,1.5
615,52001,2013-07-16,43502.0,6.75,10.49,1.5
616,52001,2013-09-05,43502.0,3.96,5.94,24.0
617,52001,2013-11-06,43502.0,3.5,5.25,1.5
618,52001,2013-11-20,43502.0,17.15,25.73,1.5
619,52001,2013-11-25,43502.0,3.37,5.06,9.0
620,52001,2013-12-30,43502.0,6.54,9.81,9.0
621,52001,2014-04-16,43502.0,7.84,11.76,5.25
622,52001,2014-07-01,43502.0,20.0,30.0,0.6
623,52001,2014-10-22,43502.0,7.84,11.76,10.5
624,52001,2015-06-16,43502.0,6.49,9.74,9.0
625,52001,2015-07-07,43502.0,7.49,11.24,0.75
626,52001,2015-09-01,43502.0,7.86,11.79,3.0
627,52001,2015-09-15,43502.0,8.25,12.38,0.75
628,52001,2015-11-03,43502.0,22.5,33.75,6.0
629,52002,2013-01-15,16729.0,12.5,18.74,9.0
630,52002,2013-09-05,16729.0,5.15,7.73,9.0
631,52002,2014-12-10,16729.0,14.99,22.49,120.0
632,52002,2014-12-29,16729.0,7.02,10.53,4.0
633,52003,2012-01-17,13555.0,9.36,14.04,9.0
634,52003,2012-12-31,13555.0,6.75,10.13,1.5
635,52003,2014-03-19,13555.0,21.77,32.66,36.0
636,52003,2014-05-07,13555.0,14.49,21.74,12.0
637,52003,2014-10-22,13555.0,17.5,26.25,2.0
638,52031,2013-05-07,5111.0,7.13,10.7,10.5
639,52033,2012-04-10,3172.0,13.1,19.65,4.5
640,52033,2012-04-24,3172.0,3.44,5.15,9.0
641,52040,2015-08-04,5718.0,8.25,12.38,9.0
642,52042,2013-11-04,1606.0,7.88,11.82,1.5
643,52052,2012-12-28,3081.0,7.96,11.94,1.5
644,52057,2013-06-10,7670.0,31.5,47.24,21.0
645,52060,2013-04-16,8402.0,11.0,16.5,24.0
646,52060,2014-01-13,8402.0,10.49,15.73,9.0
647,52060,2014-11-07,8402.0,1.93,2.9,18.0
648,52060,2014-11-17,8402.0,5.5,8.25,3.0
649,52060,2015-08-17,8402.0,7.2,10.8,10.5
650,52060,2015-11-30,8402.0,1.93,2.9,9.0
651,52101,2012-06-11,13580.0,10.49,15.74,10.5
652,52101,2012-07-09,13580.0,6.08,9.12,2.25
653,52101,2012-11-26,13580.0,11.16,16.74,1.5
654,52101,2013-07-17,13580.0,11.8,17.7,10.5
655,52101,2013-11-20,13580.0,7.62,11.43,1.0
656,52101,2014-10-22,13580.0,5.51,8.27,0.75
657,52101,2015-03-25,13580.0,6.92,10.38,10.5
658,52136,2013-07-01,5823.0,5.17,7.75,12.0
659,52136,2015-04-14,5823.0,4.75,7.13,1.5
660,52136,2015-08-18,5823.0,10.5,15.75,10.5
661,52136,2015-09-08,5823.0,8.0,12.0,12.0
662,52151,2012-06-04,1709.0,4.28,6.42,0.75
663,52159,2013-08-12,2252.0,10.0,15.0,2.25
664,52159,2013-12-20,2252.0,7.49,11.23,0.75
665,52159,2014-12-26,2252.0,7.17,10.76,10.5
666,52172,2015-03-04,5985.0,15.24,22.86,2.0
667,52205,2013-06-25,8874.0,4.33,6.5,3.0
668,52205,2014-02-13,8874.0,7.33,11.99,9.0
669,52205,2014-06-26,8874.0,5.75,8.62,0.38
670,52205,2015-06-22,8874.0,12.25,18.38,9.0
671,52208,2012-02-16,3033.0,13.33,19.99,21.0
672,52208,2013-01-24,3033.0,29.72,44.58,3.0
673,52224,2012-10-17,2055.0,5.3,8.45,9.0
674,52233,2014-07-14,7154.0,3.37,5.06,9.0
675,52233,2014-10-13,7154.0,3.51,5.27,9.6
676,52233,2014-12-19,7154.0,2.96,4.44,2.25
677,52233,2015-09-21,7154.0,10.45,15.68,84.0
678,52240,2012-01-12,34689.0,6.67,10.0,84.0
679,52240,2012-01-26,34689.0,7.58,11.37,10.5
680,52240,2012-02-06,34689.0,7.22,10.83,12.0
681,52240,2012-04-19,34689.0,11.0,16.5,12.0
682,52240,2012-07-09,34689.0,8.25,12.49,9.0
683,52240,2012-07-16,34689.0,12.63,19.45,9.0
684,52240,2012-07-30,34689.0,9.64,14.46,9.0
685,52240,2012-08-31,34689.0,7.13,10.7,84.0
686,52240,2012-10-25,34689.0,3.35,5.02,5.25
687,52240,2012-11-15,34689.0,7.13,10.7,52.5
688,52240,2013-01-24,34689.0,7.38,11.07,10.5
689,52240,2013-04-18,34689.0,6.17,9.25,0.5
690,52240,2013-05-23,34689.0,17.75,26.62,10.5
691,52240,2013-08-01,34689.0,6.82,10.24,2.25
692,52240,2013-09-04,34689.0,17.0,25.49,2.25
693,52240,2013-12-16,34689.0,17.5,26.25,4.5
694,52240,2013-12-19,34689.0,17.75,26.62,21.0
695,52240,2014-01-02,34689.0,3.73,5.59,0.5
696,52240,2014-02-27,34689.0,26.59,39.89,1.5
697,52240,2014-05-08,34689.0,5.0,7.5,1.12
698,52240,2014-08-14,34689.0,2.74,4.11,1.12
699,52240,2014-09-08,34689.0,1.99,2.99,9.6
700,52240,2014-12-03,34689.0,9.0,13.5,9.0
701,52240,2015-03-11,34689.0,16.87,25.31,6.0
702,52240,2015-09-02,34689.0,10.49,15.74,10.5
703,52240,2015-09-16,34689.0,8.26,12.39,9.0
704,52240,2015-09-21,34689.0,10.49,15.74,9.0
705,52240,2015-10-28,34689.0,19.99,29.99,12.0
706,52241,2012-08-06,20681.0,7.87,11.81,9.0
707,52241,2012-08-13,20681.0,8.99,13.49,10.5
708,52241,2012-10-01,20681.0,6.6,9.9,1.2
709,52241,2012-10-04,20681.0,11.45,17.18,0.75
710,52241,2013-01-15,20681.0,5.5,8.24,2.25
711,52241,2013-02-04,20681.0,33.6,50.39,9.0
712,52241,2013-02-05,20681.0,17.99,26.99,0.75
713,52241,2013-08-28,20681.0,20.83,31.25,9.0
714,52241,2013-09-19,20681.0,8.25,12.37,18.0
715,52241,2013-11-11,20681.0,8.25,12.37,9.0
716,52241,2014-02-27,20681.0,13.86,20.79,9.0
717,52241,2015-02-18,20681.0,6.5,9.75,10.5
718,52241,2015-03-09,20681.0,24.99,37.49,4.5
719,52241,2015-05-06,20681.0,16.5,24.75,90.0
720,52241,2015-07-01,20681.0,10.0,15.0,9.0
721,52241,2015-07-22,20681.0,14.49,21.74,1.5
722,52241,2015-10-26,20681.0,12.02,18.03,4.5
723,52245,2014-12-17,25157.0,10.99,16.49,9.0
724,52245,2015-05-27,25157.0,7.6,11.4,21.0
725,52246,2012-07-16,23517.0,25.259999999999998,38.13,12.0
726,52246,2012-12-03,23517.0,25.24,37.86,1.0
727,52246,2012-12-10,23517.0,7.38,11.07,21.0
728,52246,2012-12-17,23517.0,3.25,4.88,9.0
729,52246,2013-01-07,23517.0,12.0,17.99,1.5
730,52301,2013-04-17,3546.0,6.3,9.45,2.25
731,52301,2015-06-30,3546.0,8.25,12.38,2.25
732,52302,2013-05-02,40340.0,14.99,22.48,4.0
733,52302,2013-05-16,40340.0,7.88,11.82,2.25
734,52302,2014-02-05,40340.0,6.68,10.27,10.5
735,52302,2014-07-01,40340.0,13.5,20.25,1.0
736,52302,2014-07-07,40340.0,5.5,8.24,9.0
737,52302,2015-03-09,40340.0,2.51,3.77,9.6
738,52302,2015-03-30,40340.0,7.84,11.76,21.0
739,52306,2014-12-15,1679.0,9.7,14.93,10.5
740,52310,2014-09-24,6359.0,1.77,2.66,0.6
741,52310,2015-09-01,6359.0,15.33,23.0,1.75
742,52310,2015-09-15,6359.0,4.5,6.75,0.75
743,52314,2012-01-16,6123.0,14.89,22.34,12.0
744,52314,2013-01-14,6123.0,16.18,24.27,12.0
745,52314,2013-01-31,6123.0,10.9,16.35,5.25
746,52314,2013-07-25,6123.0,3.99,5.99,24.0
747,52314,2013-09-26,6123.0,16.8,25.19,12.0
748,52314,2013-11-21,6123.0,3.92,5.88,12.0
749,52314,2014-06-26,6123.0,3.75,5.62,420.0
750,52317,2012-06-20,19769.0,4.5,6.75,9.0
751,52317,2014-07-31,19769.0,11.55,17.32,10.5
752,52317,2014-12-10,19769.0,15.83,23.75,1.0
753,52327,2014-10-27,3039.0,20.47,30.71,4.5
754,52332,2013-06-05,2064.0,11.0,16.5,1.75
755,52332,2014-12-20,2064.0,3.07,4.61,2.25
756,52333,2013-12-19,6627.0,9.7,14.92,10.5
757,52333,2015-11-30,6627.0,7.6,11.4,10.5
758,52340,2013-09-18,3083.0,6.9,10.35,0.3
759,52345,2014-07-30,1477.0,8.75,13.12,9.0
760,52349,2015-03-24,7554.0,8.2,12.3,10.5
761,52352,2012-10-02,1538.0,3.25,4.88,9.0
762,52353,2012-11-07,9424.0,12.49,18.74,4.5
763,52353,2012-12-19,9424.0,4.5,6.74,2.25
764,52358,2013-01-08,3525.0,17.97,26.96,9.0
765,52361,2013-01-23,4616.0,11.0,16.49,9.0
766,52401,2014-03-13,2168.0,20.63,30.95,3.0
767,52401,2014-04-14,2168.0,15.75,23.63,2.25
768,52402,2012-07-25,41407.0,13.88,20.82,19.5
769,52402,2012-08-29,41407.0,20.990000000000002,31.48,19.5
770,52402,2012-10-04,41407.0,5.01,7.76,1.5
771,52402,2012-12-06,41407.0,8.48,12.72,0.75
772,52402,2012-12-13,41407.0,3.33,4.99,9.0
773,52402,2013-02-14,41407.0,2.05,3.07,1.5
774,52402,2013-04-04,41407.0,10.98,16.48,10.5
775,52402,2013-09-09,41407.0,7.49,11.23,9.0
776,52402,2013-09-30,41407.0,6.49,9.74,10.5
777,52402,2013-10-01,41407.0,5.99,8.99,0.75
778,52402,2014-06-23,41407.0,9.06,13.59,0.5
779,52402,2014-07-21,41407.0,27.5,41.24,0.75
780,52402,2014-12-20,41407.0,4.18,6.6,9.0
781,52402,2015-01-16,41407.0,2.13,3.2,300.0
782,52402,2015-03-09,41407.0,26.85,40.28,2.55
783,52402,2015-04-29,41407.0,5.92,8.88,0.5
784,52402,2015-08-17,41407.0,16.49,24.74,10.5
785,52402,2015-10-26,41407.0,20.26,30.39,10.5
786,52403,2012-03-29,22968.0,10.07,15.11,1.5
787,52403,2014-03-10,22968.0,22.49,33.74,1.75
788,52403,2015-02-16,22968.0,11.49,17.24,2.25
789,52403,2015-06-01,22968.0,8.2,12.3,31.5
790,52404,2012-04-12,39284.0,24.29,36.44,10.5
791,52404,2012-08-07,39284.0,3.05,4.57,2.25
792,52404,2013-03-07,39284.0,3.25,4.88,18.0
793,52404,2013-03-21,39284.0,30.99,46.49,3.0
794,52404,2013-03-28,39284.0,5.72,8.58,0.5
795,52404,2013-09-06,39284.0,3.07,4.6,9.0
796,52404,2013-10-03,39284.0,7.53,11.3,9.0
797,52404,2014-03-27,39284.0,20.98,31.46,43.5
798,52404,2015-03-10,39284.0,6.5,9.75,0.75
799,52404,2015-04-29,39284.0,7.8,11.7,2.25
800,52404,2015-08-10,39284.0,18.0,27.0,21.0
801,52404,2015-09-15,39284.0,9.45,14.18,2.25
802,52405,2012-10-18,25474.0,2.46,3.69,1.0
803,52405,2013-06-04,25474.0,1.8,2.69,4.5
804,52405,2013-12-23,25474.0,3.71,5.57,9.0
805,52405,2014-01-22,25474.0,12.5,18.75,0.75
806,52405,2014-09-30,25474.0,7.75,11.63,0.75
807,52405,2015-02-03,25474.0,16.93,25.4,6.5
808,52405,2015-07-22,25474.0,8.96,13.44,0.75
809,52405,2015-11-03,25474.0,5.7,8.55,2.4
810,52411,2012-10-18,8145.0,1.76,2.63,9.0
811,52411,2012-12-20,8145.0,5.0,7.49,2.25
812,52411,2015-02-02,8145.0,11.99,17.99,9.0
813,52501,2012-01-25,29650.0,6.14,9.21,0.75
814,52501,2012-03-07,29650.0,4.44,6.66,0.75
815,52501,2012-05-02,29650.0,3.5,5.25,1.88
816,52501,2012-08-29,29650.0,7.21,11.19,1.5
817,52501,2014-02-26,29650.0,20.47,30.71,2.25
818,52501,2014-03-12,29650.0,9.79,14.69,3.5
819,52501,2014-05-28,29650.0,39.75,59.620000000000005,3.0
820,52501,2014-09-03,29650.0,29.3,43.95,3.0
821,52501,2014-11-19,29650.0,2.07,3.11,0.75
822,52501,2015-03-25,29650.0,4.5,6.75,48.0
823,52501,2015-04-28,29650.0,11.49,17.24,1.5
824,52501,2015-10-14,29650.0,1.96,2.94,4.8
825,52501,2015-11-23,29650.0,7.62,11.43,12.0
826,52537,2014-01-15,7265.0,4.83,7.44,9.0
827,52544,2012-10-10,7369.0,4.7,7.05,1.0
828,52544,2012-11-14,7369.0,15.83,23.74,0.75
829,52544,2013-02-13,7369.0,7.5,11.24,1.5
830,52544,2013-08-07,7369.0,8.25,12.37,9.0
831,52544,2015-01-28,7369.0,11.54,17.31,10.5
832,52544,2015-09-02,7369.0,4.89,7.34,3.0
833,52553,2014-08-06,1892.0,3.3,4.95,6.0
834,52556,2012-06-12,13653.0,18.08,27.13,4.5
835,52556,2014-06-02,13653.0,6.8,10.2,1.2
836,52565,2013-11-04,1570.0,7.92,11.88,0.6
837,52565,2014-12-26,1570.0,27.0,40.5,2.25
838,52565,2015-11-09,1570.0,10.0,15.0,1.5
839,52571,2013-03-27,1676.0,10.45,15.67,10.5
840,52571,2014-04-02,1676.0,25.55,38.33,1.0
841,52577,2012-04-25,15247.0,8.62,12.94,1.5
842,52577,2012-06-13,15247.0,6.25,9.49,9.0
843,52577,2013-04-17,15247.0,17.6,26.4,2.25
844,52577,2013-12-30,15247.0,3.97,5.95,36.0
845,52577,2015-08-19,15247.0,15.07,22.61,9.0
846,52591,2013-06-26,2930.0,12.07,18.11,2.0
847,52601,2012-09-18,28777.0,10.42,15.63,4.5
848,52601,2012-12-12,28777.0,15.53,23.3,12.0
849,52601,2013-08-26,28777.0,26.0,39.0,1.5
850,52601,2014-01-17,28777.0,7.47,11.21,10.5
851,52601,2014-04-07,28777.0,4.76,7.14,9.0
852,52601,2014-11-17,28777.0,7.35,11.03,0.3
853,52601,2015-02-09,28777.0,11.5,17.25,1.0
854,52627,2013-04-10,12562.0,1.77,2.66,0.4
855,52627,2014-06-27,12562.0,18.75,28.12,9.0
856,52627,2014-08-29,12562.0,6.25,9.5,3.0
857,52627,2015-08-03,12562.0,18.0,27.0,21.0
858,52632,2012-06-05,12636.0,26.08,39.13,9.0
859,52632,2012-06-12,12636.0,11.55,17.32,10.5
860,52632,2012-07-24,12636.0,4.86,7.29,0.6
861,52632,2012-10-16,12636.0,7.5,11.24,3.0
862,52632,2013-03-12,12636.0,6.99,10.49,9.0
863,52632,2013-05-07,12636.0,22.5,33.74,3.0
864,52632,2014-07-14,12636.0,3.97,5.95,12.0
865,52632,2015-01-12,12636.0,7.17,10.76,10.5
866,52641,2013-02-20,12254.0,8.92,13.38,10.5
867,52641,2013-10-21,12254.0,17.6,26.4,4.5
868,52641,2014-03-31,12254.0,12.08,18.12,525.0
869,52641,2014-09-15,12254.0,6.63,9.95,0.5
870,52641,2015-06-15,12254.0,16.49,24.74,10.5
871,52653,2013-04-17,3343.0,2.06,3.09,1.5
872,52653,2014-05-23,3343.0,6.63,9.94,12.0
873,52655,2014-03-03,4209.0,12.5,18.74,12.0
874,52655,2014-09-08,4209.0,12.08,18.12,10.5
875,52656,2012-05-08,2498.0,8.95,13.43,3.0
876,52722,2012-04-12,37308.0,17.97,26.96,1.5
877,52722,2012-06-26,37308.0,7.5,11.25,24.0
878,52722,2013-01-15,37308.0,2.21,3.32,12.0
879,52722,2013-02-05,37308.0,10.03,15.05,4.5
880,52722,2013-07-15,37308.0,8.49,12.74,10.5
881,52722,2013-11-06,37308.0,10.45,15.67,10.5
882,52722,2014-01-06,37308.0,3.73,5.59,6.0
883,52722,2014-01-20,37308.0,4.59,6.89,12.0
884,52722,2014-02-05,37308.0,8.25,12.37,9.0
885,52722,2014-02-24,37308.0,2.0,2.99,9.0
886,52722,2014-07-09,37308.0,8.25,12.37,0.75
887,52722,2014-12-08,37308.0,4.05,6.08,24.0
888,52722,2015-08-03,37308.0,9.71,14.57,24.0
889,52722,2015-09-09,37308.0,6.49,9.74,9.0
890,52722,2015-11-20,37308.0,4.34,6.51,12.0
891,52726,2012-02-21,4716.0,8.41,12.62,2.25
892,52726,2015-10-12,4716.0,5.23,7.85,0.5
893,52732,2012-02-14,26943.0,13.01,19.51,1.5
894,52732,2012-04-24,26943.0,6.25,9.49,9.0
895,52732,2012-07-03,26943.0,4.5,6.75,0.38
896,52732,2012-11-13,26943.0,9.49,14.24,9.0
897,52732,2012-12-11,26943.0,7.35,11.02,12.0
898,52732,2013-06-15,26943.0,23.47,35.21,1.5
899,52732,2013-08-05,26943.0,6.63,9.94,24.0
900,52732,2013-11-07,26943.0,11.0,16.5,10.5
901,52732,2014-04-10,26943.0,7.7,11.8,10.5
902,52732,2014-05-22,26943.0,8.5,12.75,2.25
903,52732,2014-11-13,26943.0,9.85,14.78,1.5
904,52732,2014-12-30,26943.0,3.45,5.18,1.5
905,52732,2015-01-08,26943.0,8.25,12.38,1.5
906,52732,2015-08-06,26943.0,7.0,10.5,0.75
907,52732,2015-08-13,26943.0,10.0,15.0,10.5
908,52747,2014-01-08,1833.0,8.63,12.95,0.5
909,52747,2014-05-14,1833.0,4.75,7.13,0.75
910,52747,2014-09-15,1833.0,5.0,7.5,0.38
911,52748,2012-05-01,10397.0,8.5,12.75,0.6
912,52753,2012-02-02,5648.0,9.5,14.75,1.5
913,52753,2012-04-05,5648.0,16.17,24.25,9.0
914,52753,2012-10-25,5648.0,6.38,9.56,2.0
915,52753,2015-06-25,5648.0,31.99,47.99,3.5
916,52761,2012-08-21,30619.0,7.46,11.19,21.0
917,52761,2012-08-28,30619.0,8.49,12.74,21.0
918,52761,2012-10-09,30619.0,3.54,5.31,1.88
919,52761,2014-03-03,30619.0,24.99,37.49,1.5
920,52761,2014-03-10,30619.0,7.15,10.73,12.0
921,52761,2014-10-06,30619.0,9.94,14.91,10.5
922,52761,2015-01-05,30619.0,4.46,6.69,9.0
923,52761,2015-01-12,30619.0,12.05,18.08,1.5
924,52761,2015-04-27,30619.0,8.25,12.38,1.5
925,52761,2015-08-10,30619.0,10.0,15.0,9.0
926,52761,2015-09-21,30619.0,18.49,27.74,0.75
927,52761,2015-11-30,30619.0,9.5,14.25,12.0
928,52772,2012-04-12,5157.0,7.87,11.8,10.5
929,52776,2012-04-19,4906.0,2.06,3.09,9.0
930,52778,2013-01-03,4588.0,4.88,7.32,1.0
931,52778,2014-07-23,4588.0,3.31,4.97,0.75
932,52778,2014-10-06,4588.0,10.49,15.74,2.25
933,52802,2014-02-03,10365.0,3.39,5.09,9.0
934,52802,2015-09-04,10365.0,3.67,5.51,9.0
935,52803,2012-03-22,22319.0,4.47,6.7,3.0
936,52803,2013-05-09,22319.0,9.49,14.24,4.5
937,52803,2013-11-04,22319.0,8.98,13.47,9.0
938,52803,2014-04-14,22319.0,1.13,1.7,9.6
939,52804,2012-03-22,27560.0,4.37,6.56,12.0
940,52804,2012-08-07,27560.0,7.0,10.5,6.0
941,52804,2012-09-25,27560.0,10.45,15.67,21.0
942,52804,2012-10-11,27560.0,7.96,11.94,9.0
943,52804,2012-12-27,27560.0,8.66,12.99,9.0
944,52804,2013-04-09,27560.0,7.49,11.23,1.5
945,52804,2013-06-13,27560.0,5.38,8.07,2.25
946,52804,2013-08-14,27560.0,1.13,1.7,9.6
947,52804,2014-07-23,27560.0,14.0,20.99,3.0
948,52804,2014-09-17,27560.0,14.75,22.13,10.5
949,52804,2015-04-29,27560.0,7.11,10.67,10.5
950,52804,2015-08-12,27560.0,4.29,6.44,96.0
951,52806,2012-08-02,27872.0,6.25,9.49,1.5
952,52806,2012-11-01,27872.0,6.9,10.35,1.5
953,52806,2013-04-11,27872.0,6.29,9.44,9.0
954,52806,2013-10-09,27872.0,3.64,5.45,9.0
955,52806,2013-10-30,27872.0,14.0,21.0,0.75
956,52806,2013-12-11,27872.0,3.46,5.19,9.0
957,52806,2014-05-14,27872.0,3.33,4.99,0.75
958,52806,2014-06-25,27872.0,7.46,11.19,10.5
959,52806,2014-07-30,27872.0,11.96,17.93,10.5
960,52806,2014-09-25,27872.0,4.84,7.26,0.75
961,52806,2015-04-02,27872.0,7.47,11.21,0.5
962,52806,2015-04-09,27872.0,18.49,27.74,2.25
963,52807,2012-01-17,15638.0,10.39,15.59,4.5
964,52807,2012-01-24,15638.0,9.71,15.32,5.25
965,52807,2012-01-31,15638.0,10.45,15.67,52.5
966,52807,2013-04-09,15638.0,7.58,11.37,10.5
967,52807,2013-05-16,15638.0,6.75,10.49,3.0
968,52807,2014-12-10,15638.0,10.49,15.74,9.0
969,52807,2015-02-04,15638.0,21.05,31.58,32.5
970,52807,2015-05-13,15638.0,26.49,39.74,1.75
971,52807,2015-08-12,15638.0,4.55,6.83,6.0
972,52807,2015-11-11,15638.0,7.28,10.92,48.0
