,Zip Code,Date,Population,State Bottle Cost,State Bottle Retail,Year,Month,Day,Volume Sold (Liters) Per Capita
0,50003,8/27/13,7118,27,40.5,2013,8,27,0.000105367
1,50009,2/2/12,19559,21.21,31.81,2012,2,2,4.09E-05
2,50009,7/12/12,19559,10.14,15.58,2012,7,12,0.000115037
3,50009,3/7/13,19559,9.97,14.96,2013,3,7,0.000460146
4,50009,12/30/13,19559,6.83,10.24,2013,12,30,2.56E-05
5,50009,3/18/14,19559,6.77,10.15,2014,3,18,7.67E-05
6,50009,4/30/14,19559,13.12,19.68,2014,4,30,3.83E-05
7,50009,5/21/14,19559,13.51,21.01,2014,5,21,0.000536837
8,50009,5/28/14,19559,3.67,5.51,2014,5,28,0.000460146
9,50009,6/4/14,19559,8.99,13.49,2014,6,4,3.83E-05
10,50009,10/1/14,19559,7.13,10.7,2014,10,1,3.83E-05
11,50010,1/19/12,33965,6.3,9.45,2012,1,19,0.000264979
12,50010,1/26/12,33965,17.97,26.96,2012,1,26,0.000264979
13,50010,9/13/12,33965,2.85,4.28,2012,9,13,3.53E-05
14,50010,12/13/12,33965,31.5,47.24,2012,12,13,4.42E-05
15,50010,3/25/13,33965,9.23,13.85,2013,3,25,0.003091418
16,50010,5/20/13,33965,6.5,9.74,2013,5,20,2.21E-05
17,50010,6/13/13,33965,7.13,10.7,2013,6,13,0.000309142
18,50010,1/15/14,33965,3.75,5.63,2014,1,15,0.000264979
19,50010,3/12/14,33965,12.99,19.49,2014,3,12,0.000309142
20,50010,4/23/14,33965,9.43,14.14,2014,4,23,0.000353305
21,50010,7/16/14,33965,10,14.99,2014,7,16,0.000264979
22,50010,12/3/14,33965,3,4.5,2014,12,3,4.42E-05
23,50010,3/18/15,33965,7.6,11.4,2015,3,18,0.000309142
24,50010,5/27/15,33965,10.99,16.49,2015,5,27,4.42E-05
25,50010,6/3/15,33965,3.5,5.25,2015,6,3,3.30E-05
26,50010,7/14/15,33965,18,27,2015,7,14,0.000309142
27,50010,9/16/15,33965,19,28.5,2015,9,16,0.000264979
28,50010,9/28/15,33965,13.5,20.25,2015,9,28,0.000264979
29,50010,11/23/15,33965,7.08,10.62,2015,11,23,0.000309142
30,50014,2/20/12,30231,8.4,12.59,2012,2,20,4.96E-05
31,50014,2/19/14,30231,10.24,15.35,2014,2,19,9.92E-05
32,50021,2/22/12,27406,6.3,9.45,2012,2,22,0.000109465
33,50021,8/9/12,27406,13.54,20.31,2012,8,9,2.74E-05
34,50021,1/22/14,27406,3.34,5.01,2014,1,22,0.000328395
35,50021,3/19/14,27406,5.94,9.91,2014,3,19,0.000328395
36,50021,8/20/14,27406,18.5,27.75,2014,8,20,0.00043786
37,50021,3/31/15,27406,6.5,9.75,2015,3,31,0.000328395
38,50021,7/22/15,27406,3.42,5.13,2015,7,22,0.000328395
39,50021,8/11/15,27406,1.56,2.34,2015,8,11,0.000350288
40,50021,9/8/15,27406,5,7.5,2015,9,8,5.47E-05
41,50022,1/31/12,8282,2.84,4.25,2012,1,31,9.06E-05
42,50022,5/8/12,8282,11.82,17.74,2012,5,8,0.000482975
43,50022,12/18/12,8282,7.13,10.7,2012,12,18,0.00126781
44,50022,9/23/13,8282,15.63,23.44,2013,9,23,0.000144893
45,50022,2/2/15,8282,13.25,19.88,2015,2,2,0.002173388
46,50022,6/26/15,8282,10,15,2015,6,26,0.000362231
47,50023,6/26/12,36456,3.7,5.55,2012,6,26,0.000246873
48,50023,10/21/13,36456,25.25,38.99,2013,10,21,8.23E-05
49,50023,6/26/14,36456,4,6,2014,6,26,0.000246873
50,50023,8/7/14,36456,28.69,43.04,2014,8,7,9.60E-05
51,50023,1/20/15,36456,7.8,11.7,2015,1,20,4.11E-05
52,50023,3/31/15,36456,9.24,13.86,2015,3,31,0.000288018
53,50025,8/14/12,3107,6.87,10.81,2012,8,14,0.00024139
54,50035,12/29/14,7660,11,16.5,2014,12,29,9.79E-05
55,50036,9/3/14,16455,9.42,14.13,2014,9,3,0.000546946
56,50036,9/17/14,16455,10.45,15.68,2014,9,17,0.001276208
57,50036,1/14/15,16455,7.17,10.76,2015,1,14,0.001276208
58,50049,5/21/12,6292,11.01,16.52,2012,5,21,0.000556262
59,50049,11/21/13,6292,6.5,9.74,2013,11,21,0.000357597
60,50049,3/11/15,6292,7,10.5,2015,3,11,0.001430388
61,50054,11/5/13,2909,3.5,5.25,2013,11,5,0.000515641
62,50056,11/16/15,1435,4.67,7.01,2015,11,16,0.002090592
63,50058,4/24/12,1909,16.43,24.64,2012,4,24,0.006286014
64,50109,2/28/13,3058,10.49,15.73,2013,2,28,0.00147155
65,50111,2/16/12,13764,21.67,32.5,2012,2,16,5.45E-05
66,50111,12/17/12,13764,10.98,16.48,2012,12,17,0.00076286
67,50111,2/25/13,13764,15.42,23.13,2013,2,25,0.00076286
68,50111,2/18/14,13764,3.05,4.57,2014,2,18,0.00010898
69,50111,9/23/14,13764,25.66,38.49,2014,9,23,0.000799186
70,50111,4/14/15,13764,4.8,7.2,2015,4,14,5.45E-05
71,50111,5/12/15,13764,20.05,30.08,2015,5,12,0.000127143
72,50111,6/9/15,13764,11.99,17.99,2015,6,9,0.00076286
73,50111,8/18/15,13764,32.49,48.74,2015,8,18,0.00010898
74,50112,6/21/12,11779,10.56,15.84,2012,6,21,0.000509381
75,50112,7/19/12,11779,7.61,11.42,2012,7,19,3.23E-05
76,50112,11/20/12,11779,18.08,27.13,2012,11,20,0.001910179
77,50112,9/4/13,11779,4.7,7.05,2013,9,4,0.000135835
78,50112,9/17/15,11779,11.18,16.77,2015,9,17,0.000891417
79,50115,5/21/15,2723,12.99,19.49,2015,5,21,0.003856041
80,50125,1/26/12,20354,3.25,4.88,2012,1,26,0.000442174
81,50125,11/13/12,20354,15.53,23.3,2012,11,13,9.83E-05
82,50125,6/15/13,20354,4.65,6.98,2013,6,15,9.83E-05
83,50125,3/13/14,20354,7,10.49,2014,3,13,3.68E-05
84,50125,7/10/14,20354,10.5,15.75,2014,7,10,8.60E-05
85,50125,9/29/14,20354,18.5,27.75,2014,9,29,9.83E-05
86,50125,2/9/15,20354,8.5,12.75,2015,2,9,0.002210868
87,50126,11/16/12,6754,13.31,19.97,2012,11,16,0.000777317
88,50126,10/13/14,6754,5.48,8.22,2014,10,13,0.001332544
89,50126,1/5/15,6754,10.45,15.68,2015,1,5,0.009327806
90,50129,7/12/12,4906,4.53,6.8,2012,7,12,0.000458622
91,50129,8/20/12,4906,3.36,5.03,2012,8,20,0.000152874
92,50129,8/28/14,4906,9.65,14.48,2014,8,28,0.000917244
93,50129,5/28/15,4906,3.37,5.06,2015,5,28,0.001834488
94,50130,3/26/13,1592,6.5,9.74,2013,3,26,0.001884422
95,50131,11/17/14,20920,9.06,13.59,2014,11,17,2.39E-05
96,50131,1/8/15,20920,11.96,17.94,2015,1,8,0.000501912
97,50131,2/26/15,20920,3,4.5,2015,2,26,5.35E-05
98,50131,8/27/15,20920,6.9,10.35,2015,8,27,0.00043021
99,50138,12/12/12,11741,10,14.99,2012,12,12,6.39E-05
100,50138,5/28/14,11741,25.66,38.5,2014,5,28,0.000979474
101,50142,7/7/15,933,26.24,39.36,2015,7,7,0.000803859
102,50156,8/20/15,4865,9.14,13.71,2015,8,20,0.002158273
103,50158,5/24/12,30902,7.46,11.19,2012,5,24,0.000339784
104,50158,7/12/12,30902,6.55,9.83,2012,7,12,0.000291243
105,50158,8/30/12,30902,8.4,12.59,2012,8,30,0.000291243
106,50158,10/12/12,30902,7.96,11.94,2012,10,12,0.000291243
107,50158,12/27/12,30902,18.44,27.66,2012,12,27,7.28E-05
108,50158,2/14/13,30902,17,25.74,2013,2,14,0.000339784
109,50158,5/2/13,30902,14.5,21.75,2013,5,2,0.000145622
110,50158,1/28/14,30902,3.4,5.1,2014,1,28,0.000291243
111,50158,7/8/14,30902,7.62,11.43,2014,7,8,0.000388324
112,50158,12/16/14,30902,15.75,23.63,2014,12,16,0.000679568
113,50158,4/28/15,30902,11.78,17.67,2015,4,28,0.000388324
114,50158,6/9/15,30902,16,24.4,2015,6,9,0.000291243
115,50171,9/10/13,2581,5.47,8.21,2013,9,10,0.003487021
116,50171,11/2/15,2581,11,16.5,2015,11,2,0.000871755
117,50201,7/1/13,8303,10,15,2013,7,1,0.000451644
118,50208,7/12/12,20693,27.17,40.75,2012,7,12,0.001014836
119,50208,11/29/12,20693,13.54,20.31,2012,11,29,0.000144977
120,50208,2/21/13,20693,6.75,10.13,2013,2,21,3.62E-05
121,50208,2/10/14,20693,22.07,33.11,2014,2,10,0.000108732
122,50208,8/27/14,20693,8.5,12.75,2014,8,27,3.62E-05
123,50208,5/18/15,20693,7.17,10.76,2015,5,18,0.000507418
124,50208,9/10/15,20693,8.25,12.38,2015,9,10,3.62E-05
125,50211,4/24/14,12816,5.38,8.06,2014,4,24,0.000702247
126,50211,7/16/15,12816,18.09,27.14,2015,7,16,0.000351124
127,50213,3/19/12,6850,7.53,11.3,2012,3,19,0.001313869
128,50213,11/14/13,6850,18.09,27.14,2013,11,14,0.000656934
129,50213,3/19/15,6850,15.25,22.88,2015,3,19,0.000145985
130,50219,7/24/13,13568,29.53,44.3,2013,7,24,8.84E-05
131,50219,12/17/14,13568,6,9.25,2014,12,17,0.00077388
132,50219,4/1/15,13568,6.81,10.22,2015,4,1,0.000294811
133,50219,7/29/15,13568,10.49,15.74,2015,7,29,0.000663325
134,50219,11/18/15,13568,10.49,15.74,2015,11,18,0.001547759
135,50220,1/23/14,8962,7.58,11.37,2014,1,23,0.001171613
136,50225,9/26/12,2797,6.97,10.95,2012,9,26,0.000268144
137,50225,3/20/13,2797,10.42,15.63,2013,3,20,0.000536289
138,50244,10/14/15,1887,5.23,7.85,2015,10,14,0.004769475
139,50248,2/27/12,4321,11.55,17.32,2012,2,27,0.002429993
140,50248,5/7/12,4321,8.42,13.41,2012,5,7,0.002082851
141,50248,8/11/15,4321,2.05,3.08,2015,8,11,0.000347142
142,50250,9/4/12,2340,4.3,6.45,2012,9,4,0.000641026
143,50250,12/4/12,2340,10.9,16.35,2012,12,4,0.00224359
144,50250,1/8/13,2340,11,16.49,2013,1,8,0.000961538
145,50263,1/12/12,23858,6.83,10.24,2012,1,12,2.10E-05
146,50263,6/7/12,23858,3.25,4.88,2012,6,7,0.000377232
147,50263,10/8/13,23858,14.75,22.12,2013,10,8,0.000440104
148,50265,3/21/12,32135,7.01,10.52,2012,3,21,2.33E-05
149,50265,4/18/12,32135,6.53,9.79,2012,4,18,3.49E-05
150,50265,6/27/12,32135,2.05,3.07,2012,6,27,2.49E-05
151,50265,8/2/12,32135,5.23,7.84,2012,8,2,0.000280068
152,50265,11/15/12,32135,6.9,10.35,2012,11,15,7.00E-05
153,50265,1/30/13,32135,7.87,11.81,2013,1,30,0.000140034
154,50265,3/21/13,32135,14.28,21.43,2013,3,21,0.000326747
155,50265,7/15/13,32135,20.25,30.37,2013,7,15,0.000108916
156,50265,12/20/13,32135,11.17,16.76,2013,12,20,9.34E-05
157,50265,6/23/14,32135,8.87,13.31,2014,6,23,1.56E-05
158,50265,7/7/14,32135,8.2,12.3,2014,7,7,0.000326747
159,50265,7/28/14,32135,8.25,12.37,2014,7,28,0.000280068
160,50265,8/18/14,32135,4.8,7.2,2014,8,18,2.33E-05
161,50265,10/6/14,32135,14,21,2014,10,6,0.000280068
162,50265,12/8/14,32135,15,22.5,2014,12,8,0.000840205
163,50265,1/12/15,32135,4.5,6.75,2015,1,12,7.00E-05
164,50265,11/9/15,32135,3.71,5.57,2015,11,9,0.000280068
165,50265,11/16/15,32135,19.21,28.82,2015,11,16,0.000466781
166,50266,3/14/12,28917,10.99,17.24,2012,3,14,5.19E-05
167,50266,12/28/12,28917,7.33,11.49,2012,12,28,0.000311236
168,50266,5/14/13,28917,3.75,5.62,2013,5,14,2.07E-05
169,50266,5/30/13,28917,12.07,18.1,2013,5,30,5.19E-05
170,50266,10/15/13,28917,7.95,11.93,2013,10,15,0.000311236
171,50266,10/21/13,28917,9.45,14.67,2013,10,21,0.000363108
172,50266,8/26/14,28917,9.44,14.16,2014,8,26,0.003631082
173,50266,12/2/14,28917,16.17,24.26,2014,12,2,0.000155618
174,50266,4/7/15,28917,7.17,10.76,2015,4,7,0.000726216
175,50266,9/1/15,28917,12.5,18.75,2015,9,1,0.000155618
176,50273,2/25/14,8339,29.72,44.58,2014,2,25,0.000359755
177,50273,5/19/15,8339,16.79,25.19,2015,5,19,0.000269817
178,50309,8/2/12,7008,1.12,1.68,2012,8,2,0.002739726
179,50309,7/9/15,7008,12.05,18.08,2015,7,9,0.001284247
180,50310,3/4/13,31877,9.43,14.14,2013,3,4,0.000376447
181,50310,8/1/13,31877,3.05,4.57,2013,8,1,0.00056467
182,50310,9/12/13,31877,7.86,11.79,2013,9,12,9.41E-05
183,50310,11/23/13,31877,13.54,20.31,2013,11,23,4.71E-05
184,50310,12/5/13,31877,8.92,13.38,2013,12,5,0.000329391
185,50310,9/4/14,31877,9.7,14.95,2014,9,4,0.000282335
186,50310,6/15/15,31877,6,9.25,2015,6,15,0.000329391
187,50311,10/31/12,15740,7.65,11.84,2012,10,31,0.000571792
188,50311,2/27/13,15740,8.66,12.99,2013,2,27,0.002858958
189,50311,9/24/13,15740,8.92,13.38,2013,9,24,0.00066709
190,50311,12/19/13,15740,19.17,28.76,2013,12,19,0.000285896
191,50311,2/11/14,15740,14.98,22.47,2014,2,11,0.000762389
192,50311,5/6/14,15740,6.92,10.38,2014,5,6,0.00066709
193,50311,7/2/14,15740,9,13.5,2014,7,2,0.000571792
194,50311,2/12/15,15740,7.84,11.76,2015,2,12,0.00066709
195,50311,4/21/15,15740,9.85,14.78,2015,4,21,0.000238247
196,50312,9/25/14,16173,8.75,13.13,2014,9,25,0.001112966
197,50313,2/11/14,19073,9.85,14.78,2014,2,11,7.86E-05
198,50313,9/14/15,19073,7.47,11.21,2015,9,14,7.86E-05
199,50314,4/9/12,11528,14.89,22.34,2012,4,9,0.001040944
200,50314,8/31/12,11528,7.5,11.25,2012,8,31,0.003122831
201,50314,11/1/12,11528,8.5,12.74,2012,11,1,0.000780708
202,50314,11/29/12,11528,3.4,5.09,2012,11,29,0.000780708
203,50314,1/3/13,11528,6.29,9.44,2013,1,3,0.000780708
204,50314,1/24/13,11528,4.74,7.11,2013,1,24,4.34E-05
205,50314,8/29/13,11528,12.5,18.74,2013,8,29,0.000130118
206,50314,12/2/13,11528,13.12,19.68,2013,12,2,0.000390354
207,50314,1/16/14,11528,11.17,16.76,2014,1,16,0.000780708
208,50314,8/14/14,11528,20.63,30.95,2014,8,14,0.000520472
209,50314,12/4/14,11528,9.75,14.63,2014,12,4,0.000780708
210,50314,1/15/15,11528,10,15,2015,1,15,0.000130118
211,50314,2/26/15,11528,8.09,12.14,2015,2,26,0.000390354
212,50314,3/9/15,11528,10,15,2015,3,9,0.000390354
213,50314,11/18/15,11528,8.49,12.74,2015,11,18,0.000130118
214,50314,11/30/15,11528,42.99,64.49,2015,11,30,0.000910826
215,50315,4/19/12,35825,14.67,22,2012,4,19,0.000293091
216,50315,5/3/12,35825,5.77,8.66,2012,5,3,0.000502442
217,50315,7/16/12,35825,10.14,15.58,2012,7,16,2.09E-05
218,50315,8/9/12,35825,3.25,4.88,2012,8,9,0.000251221
219,50315,8/16/12,35825,3.37,5.06,2012,8,16,0.000251221
220,50315,10/4/12,35825,11.5,17.25,2012,10,4,1.40E-05
221,50315,1/16/14,35825,3.4,5.1,2014,1,16,3.13E-05
222,50315,3/6/14,35825,20.94,31.41,2014,3,6,0.000125611
223,50315,3/13/14,35825,10.42,15.63,2014,3,13,6.28E-05
224,50315,3/20/14,35825,6.5,9.74,2014,3,20,0.000251221
225,50315,6/2/14,35825,2.21,3.31,2014,6,2,0.000334962
226,50315,6/11/14,35825,8.75,13.12,2014,6,11,0.000251221
227,50315,8/12/14,35825,7.43,11.15,2014,8,12,0.000293091
228,50315,12/30/14,35825,8.25,12.38,2014,12,30,2.09E-05
229,50315,11/16/15,35825,5.23,7.85,2015,11,16,0.000251221
230,50316,10/9/12,16774,7.31,10.97,2012,10,9,0.000312984
231,50316,12/27/12,16774,3.37,5.05,2012,12,27,0.000536545
232,50316,4/11/13,16774,2.21,3.32,2013,4,11,0.000715393
233,50316,7/25/13,16774,1.96,2.94,2013,7,25,0.000286157
234,50316,12/18/13,16774,3.39,5.09,2013,12,18,0.000536545
235,50316,12/31/13,16774,6.3,9.45,2013,12,31,8.94E-05
236,50316,1/29/14,16774,1.1,1.65,2014,1,29,0.000286157
237,50316,4/30/14,16774,1,1.5,2014,4,30,0.000286157
238,50316,11/19/14,16774,10.49,15.74,2014,11,19,0.000268272
239,50316,4/22/15,16774,4.8,7.2,2015,4,22,0.000357696
240,50317,3/6/12,37976,6.9,10.35,2012,3,6,0.000236992
241,50317,5/24/12,37976,8.5,12.74,2012,5,24,0.000236992
242,50317,10/9/12,37976,8.84,13.51,2012,10,9,5.92E-05
243,50317,11/7/12,37976,8.33,12.49,2012,11,7,1.97E-05
244,50317,1/15/13,37976,7.21,11.19,2013,1,15,0.000236992
245,50317,3/21/13,37976,5.47,8.21,2013,3,21,0.000236992
246,50317,6/6/13,37976,3.99,5.99,2013,6,6,0.000157995
247,50317,11/13/13,37976,1.71,2.56,2013,11,13,1.97E-05
248,50317,3/31/14,37976,5.37,8.05,2014,3,31,5.92E-05
249,50317,11/10/14,37976,5,7.5,2014,11,10,7.90E-05
250,50317,12/1/14,37976,6.25,9.5,2014,12,1,0.000236992
251,50317,1/26/15,37976,4.9,7.35,2015,1,26,0.000157995
252,50317,2/11/15,37976,3,4.5,2015,2,11,2.11E-05
253,50317,6/26/15,37976,8.75,13.13,2015,6,26,0.000236992
254,50317,8/24/15,37976,11,16.5,2015,8,24,0.00027649
255,50320,3/29/12,22209,11.33,17.99,2012,3,29,0.000202621
256,50320,8/2/12,22209,4.65,6.97,2012,8,2,0.000405241
257,50320,9/20/12,22209,1.77,2.66,2012,9,20,0.000216129
258,50320,11/8/12,22209,11.26,16.9,2012,11,8,0.000472781
259,50320,6/18/13,22209,9.25,13.87,2013,6,18,0.000540321
260,50320,10/28/13,22209,23.58,35.36,2013,10,28,0.000405241
261,50320,5/1/14,22209,6.9,10.35,2014,5,1,0.000810482
262,50320,9/24/14,22209,12.54,18.81,2014,9,24,0.000405241
263,50320,10/30/14,22209,9.25,13.88,2014,10,30,0.000405241
264,50320,11/3/14,22209,15.5,23.25,2014,11,3,0.000540321
265,50320,2/5/15,22209,6.75,10.13,2015,2,5,0.000405241
266,50320,3/23/15,22209,6.3,9.45,2015,3,23,0.000405241
267,50320,8/13/15,22209,12.48,18.72,2015,8,13,0.00010131
268,50320,10/1/15,22209,7.11,10.67,2015,10,1,0.000540321
269,50320,10/29/15,22209,21.02,31.53,2015,10,29,0.000202621
270,50320,11/5/15,22209,18.99,28.49,2015,11,5,0.000405241
271,50320,11/12/15,22209,11.75,17.63,2015,11,12,0.00013508
272,50321,11/28/12,9134,7.21,11.19,2012,11,28,0.000164222
273,50321,8/21/14,9134,6.5,9.75,2014,8,21,0.001149551
274,50321,5/21/15,9134,6,9,2015,5,21,0.000328443
275,50321,8/27/15,9134,18.99,28.49,2015,8,27,0.00098533
276,50322,3/29/12,31177,1.76,2.63,2012,3,29,0.000144337
277,50322,11/8/12,31177,4.96,7.44,2012,11,8,0.00019245
278,50322,3/26/13,31177,20.99,31.49,2013,3,26,0.000144337
279,50322,6/17/13,31177,11,16.49,2013,6,17,9.62E-05
280,50322,10/29/13,31177,7.75,11.87,2013,10,29,0.000288674
281,50322,1/30/14,31177,8.98,13.47,2014,1,30,0.000288674
282,50322,2/18/14,31177,6.05,9.08,2014,2,18,2.41E-05
283,50322,4/17/14,31177,6.67,10,2014,4,17,0.000384899
284,50322,10/8/14,31177,18,27,2014,10,8,0.000336787
285,50322,1/13/15,31177,29.72,44.58,2015,1,13,9.62E-05
286,50322,9/10/15,31177,13.42,20.13,2015,9,10,0.001058473
287,50322,10/8/15,31177,7.86,11.79,2015,10,8,0.000288674
288,50325,1/24/13,17007,3.5,5.24,2013,1,24,0.000132298
289,50325,3/27/13,17007,11,16.49,2013,3,27,8.82E-05
290,50325,7/4/13,17007,6.83,10.24,2013,7,4,2.94E-05
291,50325,7/10/13,17007,9.33,13.99,2013,7,10,0.000176398
292,50325,2/18/14,17007,1.8,2.69,2014,2,18,0.000529194
293,50401,7/9/12,29033,6.3,9.45,2012,7,9,0.000309992
294,50401,2/18/13,29033,8.2,12.3,2013,2,18,0.000361657
295,50401,4/22/13,29033,10.42,15.63,2013,4,22,0.000154996
296,50401,6/10/13,29033,4.7,7.06,2013,6,10,1.72E-05
297,50401,6/24/13,29033,5.28,7.91,2013,6,24,0.000103331
298,50401,9/9/13,29033,10.48,15.98,2013,9,9,0.000361657
299,50401,6/16/14,29033,4.84,7.26,2014,6,16,0.000309992
300,50401,6/23/14,29033,5.5,8.25,2014,6,23,0.000413323
301,50401,8/28/14,29033,14,21,2014,8,28,0.000361657
302,50401,12/4/14,29033,26.75,40.13,2014,12,4,0.000120552
303,50401,12/23/14,29033,17.5,26.25,2014,12,23,5.17E-05
304,50401,3/12/15,29033,7.75,11.63,2015,3,12,7.75E-05
305,50401,7/23/15,29033,4.99,7.49,2015,7,23,5.17E-05
306,50401,8/13/15,29033,9.65,14.48,2015,8,13,0.000309992
307,50424,9/2/15,1454,11.75,17.63,2015,9,2,0.002751032
308,50428,4/2/12,9339,12.34,18.52,2012,4,2,0.000214156
309,50428,4/30/12,9339,11.02,16.53,2012,4,30,0.001124317
310,50428,5/25/12,9339,24.73,37.1,2012,5,25,8.03E-05
311,50428,5/20/13,9339,17.61,26.41,2013,5,20,0.001284934
312,50428,12/2/13,9339,3.37,5.06,2013,12,2,0.000963701
313,50428,5/5/14,9339,7,10.49,2014,5,5,0.00048185
314,50428,12/11/14,9339,28.69,43.04,2014,12,11,0.000374772
315,50428,11/12/15,9339,5.65,8.48,2015,11,12,4.28E-05
316,50436,4/23/12,5845,3.97,5.95,2012,4,23,0.002053037
317,50436,8/21/13,5845,19.42,29.14,2013,8,21,0.001796407
318,50436,12/18/13,5845,2.05,3.07,2013,12,18,0.001539778
319,50436,2/12/14,5845,20.58,30.87,2014,2,12,0.00025663
320,50436,3/11/15,5845,14.53,21.8,2015,3,11,0.001539778
321,50436,3/18/15,5845,10,15,2015,3,18,0.00025663
322,50438,7/9/14,4109,14.75,22.13,2014,7,9,0.002190314
323,50438,6/17/15,4109,11.33,17,2015,6,17,0.002555366
324,50441,6/5/12,5371,6.34,9.52,2012,6,5,0.000418916
325,50441,3/26/13,5371,11.26,16.9,2013,3,26,0.001954943
326,50441,5/21/13,5371,7.5,11.25,2013,5,21,0.00037237
327,50441,8/12/13,5371,4.13,6.2,2013,8,12,0.004468442
328,50441,9/30/13,5371,28.5,42.75,2013,9,30,0.000837833
329,50441,8/24/15,5371,5.42,8.13,2015,8,24,0.00037237
330,50441,9/21/15,5371,7.84,11.76,2015,9,21,0.003909886
331,50450,4/16/12,2705,7.5,11.24,2012,4,16,0.004436229
332,50459,6/28/12,3014,8.61,12.91,2012,6,28,0.003483743
333,50459,9/24/15,3014,10.49,15.74,2015,9,24,0.000995355
334,50461,4/9/12,5583,11.33,16.99,2012,4,9,0.000313452
335,50461,4/30/12,5583,16.49,24.98,2012,4,30,0.000626903
336,50461,4/15/14,5583,8.75,13.13,2014,4,15,0.000134336
337,50461,2/10/15,5583,3.38,5.07,2015,2,10,0.000537346
338,50472,12/10/13,2335,12.75,19.13,2013,12,10,0.000963597
339,50483,7/16/14,652,7.17,10.76,2014,7,16,0.064417178
340,50483,8/12/15,652,13.64,20.46,2015,8,12,0.002300613
341,50501,10/24/12,28063,12.5,18.74,2012,10,24,0.000106902
342,50501,12/12/12,28063,13.54,20.31,2012,12,12,8.02E-05
343,50501,2/20/13,28063,14.5,21.74,2013,2,20,2.67E-05
344,50501,6/26/13,28063,11.96,17.93,2013,6,26,0.000374158
345,50501,9/17/13,28063,14.72,22.08,2013,9,17,0.000347433
346,50501,12/21/13,28063,8.75,13.13,2013,12,21,0.000320707
347,50501,5/27/14,28063,1.96,2.94,2014,5,27,0.000342087
348,50501,2/17/15,28063,7.46,11.19,2015,2,17,0.000374158
349,50501,4/21/15,28063,15.75,23.63,2015,4,21,0.000427609
350,50501,6/29/15,28063,8.25,12.38,2015,6,29,0.000320707
351,50501,9/22/15,28063,3.73,5.6,2015,9,22,8.91E-05
352,50511,8/1/12,6975,7.5,11.25,2012,8,1,0.00172043
353,50511,4/30/14,6975,4.12,6.42,2014,4,30,0.001290323
354,50511,5/21/14,6975,4.62,6.92,2014,5,21,0.000688172
355,50511,10/29/14,6975,9,13.5,2014,10,29,0.001290323
356,50511,11/4/15,6975,7.47,11.21,2015,11,4,7.17E-05
357,50517,5/7/13,1094,20.5,30.75,2013,5,7,0.000685558
358,50525,5/2/12,3487,9.7,14.92,2012,5,2,0.003011184
359,50533,12/17/13,3872,6.75,10.13,2013,12,17,0.00232438
360,50536,8/1/12,4483,8.17,12.26,2012,8,1,0.000334597
361,50536,10/10/12,4483,5.47,8.21,2012,10,10,0.000501896
362,50536,2/13/13,4483,6.3,9.44,2013,2,13,0.000501896
363,50543,3/21/12,1363,5.33,7.99,2012,3,21,0.002201027
364,50548,10/29/13,5663,3.07,4.6,2013,10,29,0.000397316
365,50554,2/10/15,1536,4.17,6.26,2015,2,10,0.0078125
366,50569,10/3/12,609,6.5,9.74,2012,10,3,0.007389163
367,50574,1/13/15,2049,29.72,44.58,2015,1,13,0.001464129
368,50583,12/26/12,2719,4.99,7.49,2012,12,26,0.00082751
369,50583,1/7/15,2719,3.4,5.1,2015,1,7,0.00082751
370,50583,1/21/15,2719,10.45,15.68,2015,1,21,0.027031997
371,50588,11/14/12,12513,9.13,13.7,2012,11,14,0.000839127
372,50588,1/23/13,12513,5.91,8.87,2013,1,23,0.000179813
373,50588,7/24/13,12513,13.31,19.97,2013,7,24,0.000279709
374,50588,11/25/13,12513,6.63,9.95,2013,11,25,4.00E-05
375,50588,12/22/14,12513,10.99,16.49,2014,12,22,5.99E-05
376,50588,4/1/15,12513,6.63,9.95,2015,4,1,0.000959003
377,50588,9/23/15,12513,35,52.51,2015,9,23,0.00025973
378,50588,11/18/15,12513,25.25,37.88,2015,11,18,7.99E-05
379,50590,10/23/13,853,13,19.5,2013,10,23,0.010550996
380,50595,4/4/12,9041,6.06,9.09,2012,4,4,0.000248866
381,50595,8/6/12,9041,16,23.99,2012,8,6,0.001161376
382,50595,10/15/12,9041,3.73,5.59,2012,10,15,5.53E-05
383,50595,12/26/12,9041,4,6,2012,12,26,0.000248866
384,50595,7/30/13,9041,7.41,11.12,2013,7,30,0.00012388
385,50595,2/25/14,9041,10,14.99,2014,2,25,0.000331822
386,50595,6/3/14,9041,17.75,26.62,2014,6,3,0.001161376
387,50613,2/20/12,44154,8.39,12.59,2012,2,20,4.53E-05
388,50613,5/25/12,44154,7.92,11.88,2012,5,25,1.36E-05
389,50613,10/10/13,44154,12.07,18.11,2013,10,10,0.000237804
390,50613,4/10/14,44154,130,195,2014,4,10,3.40E-05
391,50613,11/12/14,44154,3.38,5.07,2014,11,12,5.10E-05
392,50613,4/2/15,44154,8.2,12.3,2015,4,2,0.000237804
393,50613,5/13/15,44154,4.62,6.93,2015,5,13,0.000203832
394,50613,5/28/15,44154,7.67,11.51,2015,5,28,0.000237804
395,50613,6/3/15,44154,6.83,10.25,2015,6,3,5.10E-05
396,50613,9/3/15,44154,3.37,5.06,2015,9,3,0.000203832
397,50613,10/1/15,44154,13.32,19.98,2015,10,1,0.000713412
398,50616,12/10/12,10504,7.35,11.02,2012,12,10,0.001142422
399,50616,1/7/13,10504,8.66,12.99,2013,1,7,0.000856816
400,50616,9/10/13,10504,3.96,5.94,2013,9,10,0.003427266
401,50616,5/26/15,10504,7.35,11.03,2015,5,26,2.86E-05
402,50619,11/6/12,2421,6.63,9.94,2012,11,6,0.004956629
403,50621,8/12/13,1491,11.49,17.24,2013,8,12,0.001509054
404,50622,6/11/13,3230,13.28,19.92,2013,6,11,0.003250774
405,50627,5/14/13,3175,8.66,12.99,2013,5,14,0.002834646
406,50629,4/16/14,2220,3.37,5.06,2014,4,16,0.004054054
407,50638,12/16/13,3297,7.62,11.43,2013,12,16,0.000909918
408,50638,6/16/14,3297,11.5,17.25,2014,6,16,0.000303306
409,50644,9/12/12,8849,12.5,18.75,2012,9,12,0.000169511
410,50644,3/2/15,8849,6.3,9.45,2015,3,2,8.48E-05
411,50647,4/30/14,2037,6.35,9.52,2014,4,30,0.000736377
412,50658,4/21/15,2301,6.75,10.13,2015,4,21,0.003911343
413,50662,7/31/12,6763,4.05,6.08,2012,7,31,0.00177436
414,50662,12/24/12,6763,9.23,13.85,2012,12,24,0.004657696
415,50662,4/9/13,6763,7.6,11.4,2013,4,9,0.001552565
416,50662,3/19/14,6763,6.54,9.81,2014,3,19,0.000332693
417,50674,7/24/13,3716,7.35,11.02,2013,7,24,0.000941873
418,50675,3/4/14,2315,17.41,26.12,2014,3,4,0.000863931
419,50676,7/10/13,2119,4.17,6.25,2013,7,10,0.005663049
420,50676,8/27/14,2119,10.5,15.75,2014,8,27,0.005663049
421,50677,6/4/13,12327,8.93,13.64,2013,6,4,0.000973473
422,50677,9/30/14,12327,7.17,10.76,2014,9,30,0.011073254
423,50677,12/2/14,12327,4.51,6.77,2014,12,2,0.000973473
424,50701,4/16/12,31102,7.4,11.1,2012,4,16,0.000128609
425,50701,12/17/12,31102,14.17,21.25,2012,12,17,0.000144685
426,50701,4/14/14,31102,17.5,26.25,2014,4,14,9.65E-05
427,50701,5/1/14,31102,4.96,7.44,2014,5,1,9.65E-05
428,50701,10/21/14,31102,5.48,8.22,2014,10,21,0.00028937
429,50701,12/8/14,31102,6.75,10.13,2014,12,8,0.00028937
430,50701,1/26/15,31102,57.25,85.88,2015,1,26,0.000120571
431,50701,6/26/15,31102,11.4,17.1,2015,6,26,7.23E-05
432,50702,1/9/12,19300,16.87,25.32,2012,1,9,0.000602073
433,50702,8/27/12,19300,7.3,10.95,2012,8,27,0.000544041
434,50702,11/26/12,19300,11.26,16.9,2012,11,26,0.000362694
435,50702,11/18/13,19300,7.47,11.2,2013,11,18,0.00015544
436,50702,3/10/14,19300,8.49,12.74,2014,3,10,7.77E-05
437,50702,5/1/14,19300,9,13.5,2014,5,1,0.00011658
438,50702,10/14/14,19300,14.25,21.38,2014,10,14,7.77E-05
439,50702,12/8/14,19300,31.99,47.99,2014,12,8,0.005440415
440,50703,3/12/12,18978,1.98,2.96,2012,3,12,0.000474233
441,50703,10/1/12,18978,1.79,2.68,2012,10,1,0.000252924
442,50703,11/5/12,18978,6.6,9.9,2012,11,5,3.16E-05
443,50703,2/18/13,18978,4.28,6.42,2013,2,18,0.000158078
444,50703,3/5/13,18978,1.77,2.66,2013,3,5,0.000252924
445,50703,10/10/13,18978,22,33,2013,10,10,0.000474233
446,50703,11/14/13,18978,1,1.5,2013,11,14,0.000252924
447,50703,5/22/14,18978,7,10.5,2014,5,22,0.000118558
448,50703,10/2/14,18978,9.99,14.99,2014,10,2,0.000237117
449,50703,11/13/14,18978,7.62,11.43,2014,11,13,0.000632311
450,50703,4/2/15,18978,21.49,32.24,2015,4,2,0.000474233
451,50703,4/23/15,18978,20.99,31.49,2015,4,23,0.000553272
452,50703,5/7/15,18978,3.5,5.25,2015,5,7,0.000474233
453,50707,3/7/12,8741,10.45,15.67,2012,3,7,0.001201236
454,50707,2/12/13,8741,10.5,15.75,2013,2,12,0.000257408
455,50707,7/29/13,8741,7.92,11.88,2013,7,29,6.86E-05
456,50707,8/31/15,8741,8.33,12.5,2015,8,31,0.001201236
457,50801,1/7/13,9417,11,16.49,2013,1,7,0.000955718
458,50801,4/22/13,9417,19.94,29.92,2013,4,22,0.000159286
459,50801,6/17/14,9417,6.2,9.3,2014,6,17,0.00023893
460,50801,5/19/15,9417,25,37.5,2015,5,19,0.000159286
461,50801,8/11/15,9417,3.46,5.19,2015,8,11,0.000318573
462,50830,5/16/12,1799,10.5,15.75,2012,5,16,0.00250139
463,50833,8/18/15,2337,11.8,17.7,2015,8,18,0.00449294
464,50851,12/28/13,2097,15,22.49,2013,12,28,0.000715308
465,50854,8/26/14,2587,6.9,10.35,2014,8,26,0.000869733
466,51003,12/17/12,1737,7.5,11.24,2012,12,17,0.006908463
467,51004,3/18/13,989,7.62,11.43,2013,3,18,0.012133468
468,51004,5/6/13,989,8.92,13.38,2013,5,6,0.021233569
469,51004,1/7/15,989,4.06,6.09,2015,1,7,0.012133468
470,51012,4/10/13,6386,3.54,5.31,2013,4,10,0.000704666
471,51023,8/13/13,3233,7.17,10.76,2013,8,13,0.006495515
472,51023,5/26/15,3233,4.46,6.69,2015,5,26,0.003711723
473,51025,3/28/12,2018,6.21,9.32,2012,3,28,0.005946482
474,51025,8/7/13,2018,7.62,11.43,2013,8,7,0.00148662
475,51025,2/19/14,2018,7.11,10.66,2014,2,19,0.00148662
476,51031,6/18/12,12152,11,16.5,2012,6,18,0.000864055
477,51031,2/11/13,12152,6,8.99,2013,2,11,0.000246873
478,51031,4/29/13,12152,6.63,9.94,2013,4,29,0.001974984
479,51031,12/28/13,12152,2.01,3.02,2013,12,28,4.94E-05
480,51031,9/16/14,12152,4.96,7.44,2014,9,16,4.11E-05
481,51031,10/20/15,12152,18.52,27.78,2015,10,20,0.000864055
482,51034,3/5/12,1760,16.18,24.27,2012,3,5,0.001136364
483,51040,7/9/14,3543,7.5,11.25,2014,7,9,0.000107254
484,51040,1/7/15,3543,12.05,18.08,2015,1,7,0.000211685
485,51040,8/12/15,3543,8.72,13.08,2015,8,12,0.00296359
486,51041,7/12/16,7149,6,9.25,2016,7,12,0.001468737
487,51053,10/3/12,1015,5.31,7.97,2012,10,3,0.000985222
488,51053,4/16/14,1015,9.71,14.56,2014,4,16,0.000985222
489,51054,6/30/15,5633,11.55,17.33,2015,6,30,0.000621339
490,51101,10/29/12,814,7.49,11.23,2012,10,29,0.000921376
491,51101,11/19/14,814,11.75,17.63,2014,11,19,0.029484029
492,51103,10/22/14,17356,5.5,8.25,2014,10,22,0.000345702
493,51103,6/30/15,17356,15.46,23.19,2015,6,30,0.000345702
494,51103,7/15/15,17356,9.99,14.99,2015,7,15,0.000129638
495,51103,9/16/15,17356,6.5,9.75,2015,9,16,0.000129638
496,51104,7/2/12,22924,6.87,10.3,2012,7,2,0.000458035
497,51104,3/25/13,22924,10.63,15.95,2013,3,25,9.82E-05
498,51104,4/16/14,22924,12,17.99,2014,4,16,0.00017449
499,51105,5/25/12,9820,3.05,4.57,2012,5,25,0.000381874
500,51106,8/15/12,26707,10,15,2012,8,15,0.000842476
501,51106,2/18/15,26707,5.23,7.85,2015,2,18,0.00033699
502,51106,4/8/15,26707,5.5,8.25,2015,4,8,0.000168495
503,51106,10/14/15,26707,6.75,10.13,2015,10,14,0.00033699
504,51108,7/9/12,5367,10.14,15.58,2012,7,9,0.001676914
505,51108,10/1/12,5367,8.17,12.26,2012,10,1,0.001676914
506,51201,3/14/12,5972,4.47,6.7,2012,3,14,0.000200938
507,51201,1/21/14,5972,10.24,15.35,2014,1,21,0.000334896
508,51201,5/13/14,5972,12,17.99,2014,5,13,0.001507033
509,51241,6/5/13,1830,11.75,17.62,2013,6,5,0.006557377
510,51246,5/23/12,3385,17.25,25.87,2012,5,23,0.000295421
511,51246,7/11/12,3385,4,6,2012,7,11,0.000443131
512,51247,8/8/12,5044,7.5,11.24,2012,8,8,0.000297383
513,51249,3/28/12,3217,6.3,9.45,2012,3,28,0.000699409
514,51249,8/1/12,3217,11.3,16.94,2012,8,1,0.003730183
515,51250,5/7/12,8565,19.88,29.81,2012,5,7,0.001225919
516,51250,7/2/12,8565,10.5,15.74,2012,7,2,0.001225919
517,51250,3/4/13,8565,3.7,5.55,2013,3,4,0.001050788
518,51301,7/24/12,12401,2.89,4.34,2012,7,24,6.05E-05
519,51301,11/7/12,12401,20.5,30.74,2012,11,7,0.000181437
520,51301,8/20/13,12401,1.8,2.69,2013,8,20,0.000725748
521,51301,6/24/14,12401,9.25,13.88,2014,6,24,0.000120958
522,51331,7/3/12,1175,24.5,36.74,2012,7,3,0.001914894
523,51331,12/24/12,1175,14,20.99,2012,12,24,0.007659574
524,51331,7/15/14,1175,10.49,15.73,2014,7,15,0.007659574
525,51331,11/3/15,1175,14.38,21.57,2015,11,3,0.001276596
526,51334,6/12/12,7014,17.25,25.87,2012,6,12,0.000427716
527,51334,7/17/12,7014,9.09,13.64,2012,7,17,0.001497006
528,51334,2/4/14,7014,28,42,2014,2,4,0.000213858
529,51351,2/21/12,4398,14.67,22,2012,2,21,0.002387449
530,51351,10/9/12,4398,15.83,23.74,2012,10,9,0.000113688
531,51351,10/16/12,4398,3.33,4.99,2012,10,16,0.000341064
532,51351,1/22/13,4398,4,6.01,2013,1,22,0.016371078
533,51351,7/30/13,4398,12.47,18.71,2013,7,30,0.002728513
534,51351,9/9/14,4398,4.8,7.2,2014,9,9,0.000170532
535,51360,10/9/12,8174,8.92,13.38,2012,10,9,0.001284561
536,51360,2/26/13,8174,5.49,8.24,2013,2,26,0.000183509
537,51360,6/25/13,8174,15.5,23.25,2013,6,25,0.002936139
538,51360,11/23/13,8174,4.74,7.11,2013,11,23,6.12E-05
539,51360,5/13/14,8174,9.5,14.25,2014,5,13,0.002936139
540,51360,3/10/15,8174,28.99,43.49,2015,3,10,0.000183509
541,51360,5/12/15,8174,9.7,14.93,2015,5,12,0.124602398
542,51360,8/18/15,8174,9.5,14.25,2015,8,18,0.001284561
543,51360,9/8/15,8174,13.25,19.88,2015,9,8,0.001101052
544,51401,1/29/13,11965,7.31,10.97,2013,1,29,0.001755119
545,51401,6/3/13,11965,10.24,15.48,2013,6,3,0.000188048
546,51401,9/25/14,11965,5.23,7.85,2014,9,25,0.002256582
547,51442,2/6/13,9793,31,46.49,2013,2,6,0.004288778
548,51442,10/2/14,9793,6.63,9.95,2014,10,2,0.001225365
549,51450,4/25/12,1455,25.69,38.53,2012,4,25,0.007216495
550,51450,8/8/12,1455,10.22,15.33,2012,8,8,0.007216495
551,51450,12/23/13,1455,8.75,13.12,2013,12,23,0.006185567
552,51455,10/16/14,2347,11.99,17.99,2014,10,16,0.000319557
553,51461,8/8/12,1134,4,6,2012,8,8,0.001763668
554,51501,1/3/12,35356,12.34,18.52,2012,1,3,0.00067881
555,51501,1/10/12,35356,24.47,36.71,2012,1,10,2.83E-05
556,51501,3/6/12,35356,14.89,22.34,2012,3,6,8.49E-05
557,51501,4/3/12,35356,24.3,36.44,2012,4,3,2.12E-05
558,51501,5/22/12,35356,25.13,37.69,2012,5,22,0.000311121
559,51501,8/21/12,35356,10.5,15.75,2012,8,21,0.000296979
560,51501,9/11/12,35356,18.37,27.55,2012,9,11,0.000296979
561,51501,11/13/12,35356,17.97,26.96,2012,11,13,0.000254554
562,51501,12/31/12,35356,11,16.49,2012,12,31,4.24E-05
563,51501,1/22/13,35356,9.5,14.24,2013,1,22,0.000296979
564,51501,8/26/13,35356,12.99,19.49,2013,8,26,4.24E-05
565,51501,12/2/13,35356,8.83,13.74,2013,12,2,0.000127277
566,51501,1/6/14,35356,5.51,8.26,2014,1,6,0.000254554
567,51501,3/24/14,35356,7.5,11.24,2014,3,24,6.36E-05
568,51501,4/7/14,35356,7.11,10.67,2014,4,7,0.000296979
569,51501,9/29/14,35356,2.9,4.35,2014,9,29,2.12E-05
570,51501,10/20/14,35356,10.49,15.99,2014,10,20,0.000296979
571,51501,10/27/14,35356,11.55,17.33,2014,10,27,0.000296979
572,51501,11/22/14,35356,5.94,8.91,2014,11,22,0.000339405
573,51501,7/27/15,35356,5.92,8.88,2015,7,27,2.12E-05
574,51501,8/25/15,35356,4.4,6.6,2015,8,25,0.000339405
575,51501,8/31/15,35356,14.75,22.13,2015,8,31,0.000296979
576,51501,11/17/15,35356,8.39,12.59,2015,11,17,3.17E-05
577,51503,1/17/12,37062,8.33,12.49,2012,1,17,0.000283309
578,51503,5/1/12,37062,11,16.5,2012,5,1,0.000647564
579,51503,6/26/12,37062,2.21,3.32,2012,6,26,0.000323782
580,51503,8/12/13,37062,10.98,16.47,2013,8,12,0.000121418
581,51503,9/30/13,37062,4.17,6.26,2013,9,30,0.000242836
582,51503,11/11/13,37062,31.08,46.62,2013,11,11,0.000930873
583,51503,2/3/14,37062,6.88,10.82,2014,2,3,0.000242836
584,51503,2/24/14,37062,27,40.5,2014,2,24,0.000242836
585,51503,7/14/14,37062,18.37,27.55,2014,7,14,0.001416545
586,51503,10/28/14,37062,7.49,11.24,2014,10,28,0.000242836
587,51503,1/6/15,37062,7.18,10.77,2015,1,6,0.000566618
588,51503,6/9/15,37062,11,16.5,2015,6,9,8.09E-05
589,51503,7/21/15,37062,7.84,11.76,2015,7,21,0.000566618
590,51521,2/7/12,1895,3.07,4.6,2012,2,7,0.000395778
591,51521,3/27/12,1895,4.77,7.15,2012,3,27,0.000395778
592,51521,7/10/12,1895,9.77,14.66,2012,7,10,0.006332454
593,51521,3/12/13,1895,21.77,32.66,2013,3,12,0.001055409
594,51534,12/12/12,9228,11.01,16.52,2012,12,12,0.005689207
595,51546,11/20/15,2787,18.09,27.14,2015,11,20,0.001614639
596,51555,9/3/13,4885,3.75,5.62,2013,9,3,0.001023541
597,51555,4/13/15,4885,7.28,10.92,2015,4,13,0.000614125
598,51555,7/27/15,4885,20.99,31.49,2015,7,27,0.000716479
599,51566,10/22/13,6514,4.63,7.19,2013,10,22,0.00034541
600,51566,1/28/14,6514,2.9,4.35,2014,1,28,0.000230273
601,51601,9/11/12,5664,3.5,5.26,2012,9,11,0.000141243
602,51601,11/12/13,5664,8.33,12.49,2013,11,12,0.000132415
603,51601,2/17/15,5664,7.69,11.54,2015,2,17,0.000264831
604,51632,10/7/14,7012,8.92,13.38,2014,10,7,0.001497433
605,51632,3/3/15,7012,7.11,10.67,2015,3,3,0.001497433
606,51632,4/14/15,7012,11.5,17.25,2015,4,14,0.000106959
607,51632,11/10/15,7012,9,13.5,2015,11,10,0.001283514
608,52001,4/3/12,43502,20.47,30.7,2012,4,3,5.17E-05
609,52001,8/21/12,43502,1.76,2.64,2012,8,21,2.76E-05
610,52001,12/11/12,43502,7.87,11.81,2012,12,11,3.45E-05
611,52001,1/29/13,43502,4.08,6.13,2013,1,29,6.90E-05
612,52001,2/19/13,43502,8.95,13.43,2013,2,19,0.000275849
613,52001,5/14/13,43502,10.5,15.75,2013,5,14,0.000241368
614,52001,5/21/13,43502,10.5,15.75,2013,5,21,3.45E-05
615,52001,7/16/13,43502,6.75,10.49,2013,7,16,3.45E-05
616,52001,9/5/13,43502,3.96,5.94,2013,9,5,0.000551699
617,52001,11/6/13,43502,3.5,5.25,2013,11,6,3.45E-05
618,52001,11/20/13,43502,17.15,25.73,2013,11,20,3.45E-05
619,52001,11/25/13,43502,3.37,5.06,2013,11,25,0.000206887
620,52001,12/30/13,43502,6.54,9.81,2013,12,30,0.000206887
621,52001,4/16/14,43502,7.84,11.76,2014,4,16,0.000120684
622,52001,7/1/14,43502,20,30,2014,7,1,1.38E-05
623,52001,10/22/14,43502,7.84,11.76,2014,10,22,0.000241368
624,52001,6/16/15,43502,6.49,9.74,2015,6,16,0.000206887
625,52001,7/7/15,43502,7.49,11.24,2015,7,7,1.72E-05
626,52001,9/1/15,43502,7.86,11.79,2015,9,1,6.90E-05
627,52001,9/15/15,43502,8.25,12.38,2015,9,15,1.72E-05
628,52001,11/3/15,43502,22.5,33.75,2015,11,3,0.000137925
629,52002,1/15/13,16729,12.5,18.74,2013,1,15,0.000537988
630,52002,9/5/13,16729,5.15,7.73,2013,9,5,0.000537988
631,52002,12/10/14,16729,14.99,22.49,2014,12,10,0.007173172
632,52002,12/29/14,16729,7.02,10.53,2014,12,29,0.000239106
633,52003,1/17/12,13555,9.36,14.04,2012,1,17,0.000663962
634,52003,12/31/12,13555,6.75,10.13,2012,12,31,0.00011066
635,52003,3/19/14,13555,21.77,32.66,2014,3,19,0.002655847
636,52003,5/7/14,13555,14.49,21.74,2014,5,7,0.000885282
637,52003,10/22/14,13555,17.5,26.25,2014,10,22,0.000147547
638,52031,5/7/13,5111,7.13,10.7,2013,5,7,0.002054392
639,52033,4/10/12,3172,13.1,19.65,2012,4,10,0.001418663
640,52033,4/24/12,3172,3.44,5.15,2012,4,24,0.002837327
641,52040,8/4/15,5718,8.25,12.38,2015,8,4,0.001573977
642,52042,11/4/13,1606,7.88,11.82,2013,11,4,0.000933998
643,52052,12/28/12,3081,7.96,11.94,2012,12,28,0.000486855
644,52057,6/10/13,7670,31.5,47.24,2013,6,10,0.00273794
645,52060,4/16/13,8402,11,16.5,2013,4,16,0.002856463
646,52060,1/13/14,8402,10.49,15.73,2014,1,13,0.001071174
647,52060,11/7/14,8402,1.93,2.9,2014,11,7,0.002142347
648,52060,11/17/14,8402,5.5,8.25,2014,11,17,0.000357058
649,52060,8/17/15,8402,7.2,10.8,2015,8,17,0.001249702
650,52060,11/30/15,8402,1.93,2.9,2015,11,30,0.001071174
651,52101,6/11/12,13580,10.49,15.74,2012,6,11,0.000773196
652,52101,7/9/12,13580,6.08,9.12,2012,7,9,0.000165685
653,52101,11/26/12,13580,11.16,16.74,2012,11,26,0.000110457
654,52101,7/17/13,13580,11.8,17.7,2013,7,17,0.000773196
655,52101,11/20/13,13580,7.62,11.43,2013,11,20,7.36E-05
656,52101,10/22/14,13580,5.51,8.27,2014,10,22,5.52E-05
657,52101,3/25/15,13580,6.92,10.38,2015,3,25,0.000773196
658,52136,7/1/13,5823,5.17,7.75,2013,7,1,0.002060793
659,52136,4/14/15,5823,4.75,7.13,2015,4,14,0.000257599
660,52136,8/18/15,5823,10.5,15.75,2015,8,18,0.001803194
661,52136,9/8/15,5823,8,12,2015,9,8,0.002060793
662,52151,6/4/12,1709,4.28,6.42,2012,6,4,0.000438853
663,52159,8/12/13,2252,10,15,2013,8,12,0.000999112
664,52159,12/20/13,2252,7.49,11.23,2013,12,20,0.000333037
665,52159,12/26/14,2252,7.17,10.76,2014,12,26,0.004662522
666,52172,3/4/15,5985,15.24,22.86,2015,3,4,0.000334169
667,52205,6/25/13,8874,4.33,6.5,2013,6,25,0.000338066
668,52205,2/13/14,8874,7.33,11.99,2014,2,13,0.001014199
669,52205,6/26/14,8874,5.75,8.62,2014,6,26,4.28E-05
670,52205,6/22/15,8874,12.25,18.38,2015,6,22,0.001014199
671,52208,2/16/12,3033,13.33,19.99,2012,2,16,0.006923838
672,52208,1/24/13,3033,29.72,44.58,2013,1,24,0.00098912
673,52224,10/17/12,2055,5.3,8.45,2012,10,17,0.004379562
674,52233,7/14/14,7154,3.37,5.06,2014,7,14,0.001258037
675,52233,10/13/14,7154,3.51,5.27,2014,10,13,0.001341907
676,52233,12/19/14,7154,2.96,4.44,2014,12,19,0.000314509
677,52233,9/21/15,7154,10.45,15.68,2015,9,21,0.011741683
678,52240,1/12/12,34689,6.67,10,2012,1,12,0.002421517
679,52240,1/26/12,34689,7.58,11.37,2012,1,26,0.00030269
680,52240,2/6/12,34689,7.22,10.83,2012,2,6,0.000345931
681,52240,4/19/12,34689,11,16.5,2012,4,19,0.000345931
682,52240,7/9/12,34689,8.25,12.49,2012,7,9,0.000259448
683,52240,7/16/12,34689,12.63,19.45,2012,7,16,0.000259448
684,52240,7/30/12,34689,9.64,14.46,2012,7,30,0.000259448
685,52240,8/31/12,34689,7.13,10.7,2012,8,31,0.002421517
686,52240,10/25/12,34689,3.35,5.02,2012,10,25,0.000151345
687,52240,11/15/12,34689,7.13,10.7,2012,11,15,0.001513448
688,52240,1/24/13,34689,7.38,11.07,2013,1,24,0.00030269
689,52240,4/18/13,34689,6.17,9.25,2013,4,18,1.44E-05
690,52240,5/23/13,34689,17.75,26.62,2013,5,23,0.00030269
691,52240,8/1/13,34689,6.82,10.24,2013,8,1,6.49E-05
692,52240,9/4/13,34689,17,25.49,2013,9,4,6.49E-05
693,52240,12/16/13,34689,17.5,26.25,2013,12,16,0.000129724
694,52240,12/19/13,34689,17.75,26.62,2013,12,19,0.000605379
695,52240,1/2/14,34689,3.73,5.59,2014,1,2,1.44E-05
696,52240,2/27/14,34689,26.59,39.89,2014,2,27,4.32E-05
697,52240,5/8/14,34689,5,7.5,2014,5,8,3.23E-05
698,52240,8/14/14,34689,2.74,4.11,2014,8,14,3.23E-05
699,52240,9/8/14,34689,1.99,2.99,2014,9,8,0.000276745
700,52240,12/3/14,34689,9,13.5,2014,12,3,0.000259448
701,52240,3/11/15,34689,16.87,25.31,2015,3,11,0.000172965
702,52240,9/2/15,34689,10.49,15.74,2015,9,2,0.00030269
703,52240,9/16/15,34689,8.26,12.39,2015,9,16,0.000259448
704,52240,9/21/15,34689,10.49,15.74,2015,9,21,0.000259448
705,52240,10/28/15,34689,19.99,29.99,2015,10,28,0.000345931
706,52241,8/6/12,20681,7.87,11.81,2012,8,6,0.000435182
707,52241,8/13/12,20681,8.99,13.49,2012,8,13,0.000507712
708,52241,10/1/12,20681,6.6,9.9,2012,10,1,5.80E-05
709,52241,10/4/12,20681,11.45,17.18,2012,10,4,3.63E-05
710,52241,1/15/13,20681,5.5,8.24,2013,1,15,0.000108796
711,52241,2/4/13,20681,33.6,50.39,2013,2,4,0.000435182
712,52241,2/5/13,20681,17.99,26.99,2013,2,5,3.63E-05
713,52241,8/28/13,20681,20.83,31.25,2013,8,28,0.000435182
714,52241,9/19/13,20681,8.25,12.37,2013,9,19,0.000870364
715,52241,11/11/13,20681,8.25,12.37,2013,11,11,0.000435182
716,52241,2/27/14,20681,13.86,20.79,2014,2,27,0.000435182
717,52241,2/18/15,20681,6.5,9.75,2015,2,18,0.000507712
718,52241,3/9/15,20681,24.99,37.49,2015,3,9,0.000217591
719,52241,5/6/15,20681,16.5,24.75,2015,5,6,0.004351821
720,52241,7/1/15,20681,10,15,2015,7,1,0.000435182
721,52241,7/22/15,20681,14.49,21.74,2015,7,22,7.25E-05
722,52241,10/26/15,20681,12.02,18.03,2015,10,26,0.000217591
723,52245,12/17/14,25157,10.99,16.49,2014,12,17,0.000357753
724,52245,5/27/15,25157,7.6,11.4,2015,5,27,0.000834758
725,52246,7/16/12,23517,25.26,38.13,2012,7,16,0.000510269
726,52246,12/3/12,23517,25.24,37.86,2012,12,3,4.25E-05
727,52246,12/10/12,23517,7.38,11.07,2012,12,10,0.000892971
728,52246,12/17/12,23517,3.25,4.88,2012,12,17,0.000382702
729,52246,1/7/13,23517,12,17.99,2013,1,7,6.38E-05
730,52301,4/17/13,3546,6.3,9.45,2013,4,17,0.000634518
731,52301,6/30/15,3546,8.25,12.38,2015,6,30,0.000634518
732,52302,5/2/13,40340,14.99,22.48,2013,5,2,9.92E-05
733,52302,5/16/13,40340,7.88,11.82,2013,5,16,5.58E-05
734,52302,2/5/14,40340,6.68,10.27,2014,2,5,0.000260288
735,52302,7/1/14,40340,13.5,20.25,2014,7,1,2.48E-05
736,52302,7/7/14,40340,5.5,8.24,2014,7,7,0.000223104
737,52302,3/9/15,40340,2.51,3.77,2015,3,9,0.000237977
738,52302,3/30/15,40340,7.84,11.76,2015,3,30,0.000520575
739,52306,12/15/14,1679,9.7,14.93,2014,12,15,0.006253722
740,52310,9/24/14,6359,1.77,2.66,2014,9,24,9.44E-05
741,52310,9/1/15,6359,15.33,23,2015,9,1,0.000275201
742,52310,9/15/15,6359,4.5,6.75,2015,9,15,0.000117943
743,52314,1/16/12,6123,14.89,22.34,2012,1,16,0.001959824
744,52314,1/14/13,6123,16.18,24.27,2013,1,14,0.001959824
745,52314,1/31/13,6123,10.9,16.35,2013,1,31,0.000857423
746,52314,7/25/13,6123,3.99,5.99,2013,7,25,0.003919647
747,52314,9/26/13,6123,16.8,25.19,2013,9,26,0.001959824
748,52314,11/21/13,6123,3.92,5.88,2013,11,21,0.001959824
749,52314,6/26/14,6123,3.75,5.62,2014,6,26,0.068593827
750,52317,6/20/12,19769,4.5,6.75,2012,6,20,0.000455258
751,52317,7/31/14,19769,11.55,17.32,2014,7,31,0.000531135
752,52317,12/10/14,19769,15.83,23.75,2014,12,10,5.06E-05
753,52327,10/27/14,3039,20.47,30.71,2014,10,27,0.00148075
754,52332,6/5/13,2064,11,16.5,2013,6,5,0.000847868
755,52332,12/20/14,2064,3.07,4.61,2014,12,20,0.001090116
756,52333,12/19/13,6627,9.7,14.92,2013,12,19,0.001584427
757,52333,11/30/15,6627,7.6,11.4,2015,11,30,0.001584427
758,52340,9/18/13,3083,6.9,10.35,2013,9,18,9.73E-05
759,52345,7/30/14,1477,8.75,13.12,2014,7,30,0.006093433
760,52349,3/24/15,7554,8.2,12.3,2015,3,24,0.001389992
761,52352,10/2/12,1538,3.25,4.88,2012,10,2,0.005851756
762,52353,11/7/12,9424,12.49,18.74,2012,11,7,0.000477504
763,52353,12/19/12,9424,4.5,6.74,2012,12,19,0.000238752
764,52358,1/8/13,3525,17.97,26.96,2013,1,8,0.002553191
765,52361,1/23/13,4616,11,16.49,2013,1,23,0.00194974
766,52401,3/13/14,2168,20.63,30.95,2014,3,13,0.001383764
767,52401,4/14/14,2168,15.75,23.63,2014,4,14,0.001037823
768,52402,7/25/12,41407,13.88,20.82,2012,7,25,0.000470935
769,52402,8/29/12,41407,20.99,31.48,2012,8,29,0.000470935
770,52402,10/4/12,41407,5.01,7.76,2012,10,4,3.62E-05
771,52402,12/6/12,41407,8.48,12.72,2012,12,6,1.81E-05
772,52402,12/13/12,41407,3.33,4.99,2012,12,13,0.000217355
773,52402,2/14/13,41407,2.05,3.07,2013,2,14,3.62E-05
774,52402,4/4/13,41407,10.98,16.48,2013,4,4,0.00025358
775,52402,9/9/13,41407,7.49,11.23,2013,9,9,0.000217355
776,52402,9/30/13,41407,6.49,9.74,2013,9,30,0.00025358
777,52402,10/1/13,41407,5.99,8.99,2013,10,1,1.81E-05
778,52402,6/23/14,41407,9.06,13.59,2014,6,23,1.21E-05
779,52402,7/21/14,41407,27.5,41.24,2014,7,21,1.81E-05
780,52402,12/20/14,41407,4.18,6.6,2014,12,20,0.000217355
781,52402,1/16/15,41407,2.13,3.2,2015,1,16,0.007245152
782,52402,3/9/15,41407,26.85,40.28,2015,3,9,6.16E-05
783,52402,4/29/15,41407,5.92,8.88,2015,4,29,1.21E-05
784,52402,8/17/15,41407,16.49,24.74,2015,8,17,0.00025358
785,52402,10/26/15,41407,20.26,30.39,2015,10,26,0.00025358
786,52403,3/29/12,22968,10.07,15.11,2012,3,29,6.53E-05
787,52403,3/10/14,22968,22.49,33.74,2014,3,10,7.62E-05
788,52403,2/16/15,22968,11.49,17.24,2015,2,16,9.80E-05
789,52403,6/1/15,22968,8.2,12.3,2015,6,1,0.001371473
790,52404,4/12/12,39284,24.29,36.44,2012,4,12,0.000267284
791,52404,8/7/12,39284,3.05,4.57,2012,8,7,5.73E-05
792,52404,3/7/13,39284,3.25,4.88,2013,3,7,0.000458202
793,52404,3/21/13,39284,30.99,46.49,2013,3,21,7.64E-05
794,52404,3/28/13,39284,5.72,8.58,2013,3,28,1.27E-05
795,52404,9/6/13,39284,3.07,4.6,2013,9,6,0.000229101
796,52404,10/3/13,39284,7.53,11.3,2013,10,3,0.000229101
797,52404,3/27/14,39284,20.98,31.46,2014,3,27,0.001107321
798,52404,3/10/15,39284,6.5,9.75,2015,3,10,1.91E-05
799,52404,4/29/15,39284,7.8,11.7,2015,4,29,5.73E-05
800,52404,8/10/15,39284,18,27,2015,8,10,0.000534569
801,52404,9/15/15,39284,9.45,14.18,2015,9,15,5.73E-05
802,52405,10/18/12,25474,2.46,3.69,2012,10,18,3.93E-05
803,52405,6/4/13,25474,1.8,2.69,2013,6,4,0.000176651
804,52405,12/23/13,25474,3.71,5.57,2013,12,23,0.000353301
805,52405,1/22/14,25474,12.5,18.75,2014,1,22,2.94E-05
806,52405,9/30/14,25474,7.75,11.63,2014,9,30,2.94E-05
807,52405,2/3/15,25474,16.93,25.4,2015,2,3,0.000255162
808,52405,7/22/15,25474,8.96,13.44,2015,7,22,2.94E-05
809,52405,11/3/15,25474,5.7,8.55,2015,11,3,9.42E-05
810,52411,10/18/12,8145,1.76,2.63,2012,10,18,0.001104972
811,52411,12/20/12,8145,5,7.49,2012,12,20,0.000276243
812,52411,2/2/15,8145,11.99,17.99,2015,2,2,0.001104972
813,52501,1/25/12,29650,6.14,9.21,2012,1,25,2.53E-05
814,52501,3/7/12,29650,4.44,6.66,2012,3,7,2.53E-05
815,52501,5/2/12,29650,3.5,5.25,2012,5,2,6.34E-05
816,52501,8/29/12,29650,7.21,11.19,2012,8,29,5.06E-05
817,52501,2/26/14,29650,20.47,30.71,2014,2,26,7.59E-05
818,52501,3/12/14,29650,9.79,14.69,2014,3,12,0.000118044
819,52501,5/28/14,29650,39.75,59.62,2014,5,28,0.00010118
820,52501,9/3/14,29650,29.3,43.95,2014,9,3,0.00010118
821,52501,11/19/14,29650,2.07,3.11,2014,11,19,2.53E-05
822,52501,3/25/15,29650,4.5,6.75,2015,3,25,0.001618887
823,52501,4/28/15,29650,11.49,17.24,2015,4,28,5.06E-05
824,52501,10/14/15,29650,1.96,2.94,2015,10,14,0.000161889
825,52501,11/23/15,29650,7.62,11.43,2015,11,23,0.000404722
826,52537,1/15/14,7265,4.83,7.44,2014,1,15,0.001238816
827,52544,10/10/12,7369,4.7,7.05,2012,10,10,0.000135704
828,52544,11/14/12,7369,15.83,23.74,2012,11,14,0.000101778
829,52544,2/13/13,7369,7.5,11.24,2013,2,13,0.000203555
830,52544,8/7/13,7369,8.25,12.37,2013,8,7,0.001221333
831,52544,1/28/15,7369,11.54,17.31,2015,1,28,0.001424888
832,52544,9/2/15,7369,4.89,7.34,2015,9,2,0.000407111
833,52553,8/6/14,1892,3.3,4.95,2014,8,6,0.003171247
834,52556,6/12/12,13653,18.08,27.13,2012,6,12,0.000329598
835,52556,6/2/14,13653,6.8,10.2,2014,6,2,8.79E-05
836,52565,11/4/13,1570,7.92,11.88,2013,11,4,0.000382166
837,52565,12/26/14,1570,27,40.5,2014,12,26,0.001433121
838,52565,11/9/15,1570,10,15,2015,11,9,0.000955414
839,52571,3/27/13,1676,10.45,15.67,2013,3,27,0.006264916
840,52571,4/2/14,1676,25.55,38.33,2014,4,2,0.000596659
841,52577,4/25/12,15247,8.62,12.94,2012,4,25,9.84E-05
842,52577,6/13/12,15247,6.25,9.49,2012,6,13,0.00059028
843,52577,4/17/13,15247,17.6,26.4,2013,4,17,0.00014757
844,52577,12/30/13,15247,3.97,5.95,2013,12,30,0.00236112
845,52577,8/19/15,15247,15.07,22.61,2015,8,19,0.00059028
846,52591,6/26/13,2930,12.07,18.11,2013,6,26,0.000682594
847,52601,9/18/12,28777,10.42,15.63,2012,9,18,0.000156375
848,52601,12/12/12,28777,15.53,23.3,2012,12,12,0.000417
849,52601,8/26/13,28777,26,39,2013,8,26,5.21E-05
850,52601,1/17/14,28777,7.47,11.21,2014,1,17,0.000364875
851,52601,4/7/14,28777,4.76,7.14,2014,4,7,0.00031275
852,52601,11/17/14,28777,7.35,11.03,2014,11,17,1.04E-05
853,52601,2/9/15,28777,11.5,17.25,2015,2,9,3.47E-05
854,52627,4/10/13,12562,1.77,2.66,2013,4,10,3.18E-05
855,52627,6/27/14,12562,18.75,28.12,2014,6,27,0.000716446
856,52627,8/29/14,12562,6.25,9.5,2014,8,29,0.000238815
857,52627,8/3/15,12562,18,27,2015,8,3,0.001671708
858,52632,6/5/12,12636,26.08,39.13,2012,6,5,0.000712251
859,52632,6/12/12,12636,11.55,17.32,2012,6,12,0.000830959
860,52632,7/24/12,12636,4.86,7.29,2012,7,24,4.75E-05
861,52632,10/16/12,12636,7.5,11.24,2012,10,16,0.000237417
862,52632,3/12/13,12636,6.99,10.49,2013,3,12,0.000712251
863,52632,5/7/13,12636,22.5,33.74,2013,5,7,0.000237417
864,52632,7/14/14,12636,3.97,5.95,2014,7,14,0.000949668
865,52632,1/12/15,12636,7.17,10.76,2015,1,12,0.000830959
866,52641,2/20/13,12254,8.92,13.38,2013,2,20,0.000856863
867,52641,10/21/13,12254,17.6,26.4,2013,10,21,0.000367227
868,52641,3/31/14,12254,12.08,18.12,2014,3,31,0.042843153
869,52641,9/15/14,12254,6.63,9.95,2014,9,15,4.08E-05
870,52641,6/15/15,12254,16.49,24.74,2015,6,15,0.000856863
871,52653,4/17/13,3343,2.06,3.09,2013,4,17,0.000448699
872,52653,5/23/14,3343,6.63,9.94,2014,5,23,0.00358959
873,52655,3/3/14,4209,12.5,18.74,2014,3,3,0.002851033
874,52655,9/8/14,4209,12.08,18.12,2014,9,8,0.002494654
875,52656,5/8/12,2498,8.95,13.43,2012,5,8,0.001200961
876,52722,4/12/12,37308,17.97,26.96,2012,4,12,4.02E-05
877,52722,6/26/12,37308,7.5,11.25,2012,6,26,0.000643294
878,52722,1/15/13,37308,2.21,3.32,2013,1,15,0.000321647
879,52722,2/5/13,37308,10.03,15.05,2013,2,5,0.000120618
880,52722,7/15/13,37308,8.49,12.74,2013,7,15,0.000281441
881,52722,11/6/13,37308,10.45,15.67,2013,11,6,0.000281441
882,52722,1/6/14,37308,3.73,5.59,2014,1,6,0.000160823
883,52722,1/20/14,37308,4.59,6.89,2014,1,20,0.000321647
884,52722,2/5/14,37308,8.25,12.37,2014,2,5,0.000241235
885,52722,2/24/14,37308,2,2.99,2014,2,24,0.000241235
886,52722,7/9/14,37308,8.25,12.37,2014,7,9,2.01E-05
887,52722,12/8/14,37308,4.05,6.08,2014,12,8,0.000643294
888,52722,8/3/15,37308,9.71,14.57,2015,8,3,0.000643294
889,52722,9/9/15,37308,6.49,9.74,2015,9,9,0.000241235
890,52722,11/20/15,37308,4.34,6.51,2015,11,20,0.000321647
891,52726,2/21/12,4716,8.41,12.62,2012,2,21,0.000477099
892,52726,10/12/15,4716,5.23,7.85,2015,10,12,0.000106022
893,52732,2/14/12,26943,13.01,19.51,2012,2,14,5.57E-05
894,52732,4/24/12,26943,6.25,9.49,2012,4,24,0.000334039
895,52732,7/3/12,26943,4.5,6.75,2012,7,3,1.41E-05
896,52732,11/13/12,26943,9.49,14.24,2012,11,13,0.000334039
897,52732,12/11/12,26943,7.35,11.02,2012,12,11,0.000445385
898,52732,6/15/13,26943,23.47,35.21,2013,6,15,5.57E-05
899,52732,8/5/13,26943,6.63,9.94,2013,8,5,0.000890769
900,52732,11/7/13,26943,11,16.5,2013,11,7,0.000389712
901,52732,4/10/14,26943,7.7,11.8,2014,4,10,0.000389712
902,52732,5/22/14,26943,8.5,12.75,2014,5,22,8.35E-05
903,52732,11/13/14,26943,9.85,14.78,2014,11,13,5.57E-05
904,52732,12/30/14,26943,3.45,5.18,2014,12,30,5.57E-05
905,52732,1/8/15,26943,8.25,12.38,2015,1,8,5.57E-05
906,52732,8/6/15,26943,7,10.5,2015,8,6,2.78E-05
907,52732,8/13/15,26943,10,15,2015,8,13,0.000389712
908,52747,1/8/14,1833,8.63,12.95,2014,1,8,0.000272777
909,52747,5/14/14,1833,4.75,7.13,2014,5,14,0.000409165
910,52747,9/15/14,1833,5,7.5,2014,9,15,0.00020731
911,52748,5/1/12,10397,8.5,12.75,2012,5,1,5.77E-05
912,52753,2/2/12,5648,9.5,14.75,2012,2,2,0.000265581
913,52753,4/5/12,5648,16.17,24.25,2012,4,5,0.001593484
914,52753,10/25/12,5648,6.38,9.56,2012,10,25,0.000354108
915,52753,6/25/15,5648,31.99,47.99,2015,6,25,0.000619688
916,52761,8/21/12,30619,7.46,11.19,2012,8,21,0.000685849
917,52761,8/28/12,30619,8.49,12.74,2012,8,28,0.000685849
918,52761,10/9/12,30619,3.54,5.31,2012,10,9,6.14E-05
919,52761,3/3/14,30619,24.99,37.49,2014,3,3,4.90E-05
920,52761,3/10/14,30619,7.15,10.73,2014,3,10,0.000391914
921,52761,10/6/14,30619,9.94,14.91,2014,10,6,0.000342924
922,52761,1/5/15,30619,4.46,6.69,2015,1,5,0.000293935
923,52761,1/12/15,30619,12.05,18.08,2015,1,12,4.90E-05
924,52761,4/27/15,30619,8.25,12.38,2015,4,27,4.90E-05
925,52761,8/10/15,30619,10,15,2015,8,10,0.000293935
926,52761,9/21/15,30619,18.49,27.74,2015,9,21,2.45E-05
927,52761,11/30/15,30619,9.5,14.25,2015,11,30,0.000391914
928,52772,4/12/12,5157,7.87,11.8,2012,4,12,0.002036067
929,52776,4/19/12,4906,2.06,3.09,2012,4,19,0.001834488
930,52778,1/3/13,4588,4.88,7.32,2013,1,3,0.00021796
931,52778,7/23/14,4588,3.31,4.97,2014,7,23,0.00016347
932,52778,10/6/14,4588,10.49,15.74,2014,10,6,0.00049041
933,52802,2/3/14,10365,3.39,5.09,2014,2,3,0.000868307
934,52802,9/4/15,10365,3.67,5.51,2015,9,4,0.000868307
935,52803,3/22/12,22319,4.47,6.7,2012,3,22,0.000134415
936,52803,5/9/13,22319,9.49,14.24,2013,5,9,0.000201622
937,52803,11/4/13,22319,8.98,13.47,2013,11,4,0.000403244
938,52803,4/14/14,22319,1.13,1.7,2014,4,14,0.000430127
939,52804,3/22/12,27560,4.37,6.56,2012,3,22,0.000435414
940,52804,8/7/12,27560,7,10.5,2012,8,7,0.000217707
941,52804,9/25/12,27560,10.45,15.67,2012,9,25,0.000761974
942,52804,10/11/12,27560,7.96,11.94,2012,10,11,0.00032656
943,52804,12/27/12,27560,8.66,12.99,2012,12,27,0.00032656
944,52804,4/9/13,27560,7.49,11.23,2013,4,9,5.44E-05
945,52804,6/13/13,27560,5.38,8.07,2013,6,13,8.16E-05
946,52804,8/14/13,27560,1.13,1.7,2013,8,14,0.000348331
947,52804,7/23/14,27560,14,20.99,2014,7,23,0.000108853
948,52804,9/17/14,27560,14.75,22.13,2014,9,17,0.000380987
949,52804,4/29/15,27560,7.11,10.67,2015,4,29,0.000380987
950,52804,8/12/15,27560,4.29,6.44,2015,8,12,0.003483309
951,52806,8/2/12,27872,6.25,9.49,2012,8,2,5.38E-05
952,52806,11/1/12,27872,6.9,10.35,2012,11,1,5.38E-05
953,52806,4/11/13,27872,6.29,9.44,2013,4,11,0.000322905
954,52806,10/9/13,27872,3.64,5.45,2013,10,9,0.000322905
955,52806,10/30/13,27872,14,21,2013,10,30,2.69E-05
956,52806,12/11/13,27872,3.46,5.19,2013,12,11,0.000322905
957,52806,5/14/14,27872,3.33,4.99,2014,5,14,2.69E-05
958,52806,6/25/14,27872,7.46,11.19,2014,6,25,0.000376722
959,52806,7/30/14,27872,11.96,17.93,2014,7,30,0.000376722
960,52806,9/25/14,27872,4.84,7.26,2014,9,25,2.69E-05
961,52806,4/2/15,27872,7.47,11.21,2015,4,2,1.79E-05
962,52806,4/9/15,27872,18.49,27.74,2015,4,9,8.07E-05
963,52807,1/17/12,15638,10.39,15.59,2012,1,17,0.000287761
964,52807,1/24/12,15638,9.71,15.32,2012,1,24,0.000335721
965,52807,1/31/12,15638,10.45,15.67,2012,1,31,0.003357207
966,52807,4/9/13,15638,7.58,11.37,2013,4,9,0.000671441
967,52807,5/16/13,15638,6.75,10.49,2013,5,16,0.00019184
968,52807,12/10/14,15638,10.49,15.74,2014,12,10,0.000575521
969,52807,2/4/15,15638,21.05,31.58,2015,2,4,0.002078271
970,52807,5/13/15,15638,26.49,39.74,2015,5,13,0.000111907
971,52807,8/12/15,15638,4.55,6.83,2015,8,12,0.000383681
972,52807,11/11/15,15638,7.28,10.92,2015,11,11,0.003069446